city,name,address,country,latitude,longitude,house_number,street,neighborhood,district,postcode,booking_page,airbnb_page,expedia_page,tripadvisor_page,hotels_page,image_url,reviews,processed_timestamp
Anif,Numa Ivy,"Anif, Hellbrunnerstraße 73",Austria,47.7591445,13.0606883,73,Hellbrunnerstraße,Anif,Salzburg-Umgebung,5081,https://www.booking.com/reviews/at/hotel/villa-ivy-by-heymcollections.html,,,https://www.tripadvisor.com/Hotel_Review-g190441-d23418815-Reviews-Numa_Ivy-Salzburg_Austrian_Alps.html,https://www.hotels.com/ho647195/villa-ivy-anif-austria/,https://serpapi.com/searches/67754feb5d4c636a820e2f4a/images/692b0f57ab585f4e950ed8a268887a519750dbc7648681215a9e9cbc06615f74.jpeg,"[{'score': 8.3, 'count': 1598, 'source': 'Booking.com', 'timestamp': '2025-01-01 16:21:37'}, {'score': 3.5, 'count': 21, 'source': 'Tripadvisor', 'timestamp': '2025-01-01 16:21:37'}, {'score': 8.4, 'count': 69, 'source': 'Hotels.com', 'timestamp': '2025-01-01 16:21:37'}, {'score': 8.2, 'count': 1629, 'source': 'Trivago', 'timestamp': '2025-01-01 16:21:37'}, {'score': 8.3, 'count': 1593, 'source': 'hotels-salzburg.org', 'timestamp': '2025-01-01 16:21:37'}]",2025-01-01 16:21:37
Salzburg,Numa Maximilian,"Maxglan, Bayernstraße 28",Austria,47.8004524,13.0252087,28,Bayernstraße,Neu-Maxglan,Salzburg,5020,https://www.booking.com/hotel/at/the-maximilian-by-heymcollections.html,,https://www.expedia.com/Salzburg-Hotels-The-Maximilian-Hotel-By-HeymCollections.h58009723.Hotel-Information,https://www.tripadvisor.com/Hotel_Review-g190441-d21199340-Reviews-Numa_I_Maximilian-Salzburg_Austrian_Alps.html,,https://serpapi.com/searches/67754fedb761f4621fdcf48b/images/6df9f1cfde62343cf8dc4cb874f4cd07c5c520b7f2af8c1eba3e530c9e4073cf.jpeg,"[{'score': 4.0, 'count': 26, 'source': 'Tripadvisor', 'timestamp': '2025-01-01 16:21:40'}, {'score': 8.4, 'count': 1555, 'source': 'Booking.com', 'timestamp': '2025-01-01 16:21:40'}, {'score': 8.8, 'count': 45, 'source': 'Expedia.com', 'timestamp': '2025-01-01 16:21:40'}, {'score': 8, 'count': 8, 'source': 'Agoda.com', 'timestamp': '2025-01-01 16:21:40'}, {'score': 8.5, 'count': 1558, 'source': 'salzburghotelinfo.com', 'timestamp': '2025-01-01 16:21:40'}, {'score': 4.2, 'count': 40, 'source': 'Trip.com Official Site\u200e\u200e | Travel Deals and Promotions', 'timestamp': '2025-01-01 16:21:40'}]",2025-01-01 16:21:40
Salzburg,Numa Mozart,"Neustadt, Franz-Josef-Straße 27",Austria,47.8067819,13.048194,27,Franz-Josef-Straße,Franz-Josef-Straße,Salzburg,5020,https://www.booking.com/hotel/at/tophotelmozart.html,,https://www.expedia.com/Salzburg-Hotels-The-Mozart.h13571.Hotel-Information,https://www.tripadvisor.com/Hotel_Review-g190441-d228045-Reviews-Numa_Mozart-Salzburg_Austrian_Alps.html,,https://serpapi.com/searches/67754fef2da508e21428a646/images/cc5c5e11db2aa0442c0aeda2d443c5c8254b3ed97ea44547e1f20dbc4727699e.jpeg,"[{'score': 3.5, 'count': 99, 'source': 'Tripadvisor', 'timestamp': '2025-01-01 16:21:42'}, {'score': 8.6, 'count': 3092, 'source': 'Booking.com', 'timestamp': '2025-01-01 16:21:42'}, {'score': 8.6, 'count': 5852, 'source': 'Trivago', 'timestamp': '2025-01-01 16:21:42'}, {'score': 8.6, 'count': 3371, 'source': 'Kayak', 'timestamp': '2025-01-01 16:21:42'}, {'score': 8.6, 'count': 3371, 'source': 'HotelsCombined', 'timestamp': '2025-01-01 16:21:42'}, {'score': 8.8, 'count': 209, 'source': 'Expedia.com', 'timestamp': '2025-01-01 16:21:42'}]",2025-01-01 16:21:42
Salzburg,Numa Vogelweider,"Schallmoos, Vogelweiderstraße 33",Austria,47.8112012,13.0592866,13,Robinigstraße,Vogelweiderstraße,Salzburg,5020,https://www.booking.com/hotel/at/numa-salzburg-vogelweider.de.html,,,,https://www.hotels.com/ho3392629568/numa-salzburg-vogelweider/,https://serpapi.com/searches/67754ff175d3d05814fadf0c/images/5ec38cf5b6e10e27d5f409550a24b599.jpeg,"[{'score': 8.8, 'count': 805, 'source': 'Booking.com', 'timestamp': '2025-01-01 16:21:44'}, {'score': 9.6, 'count': 58, 'source': 'Hotels.com', 'timestamp': '2025-01-01 16:21:44'}, {'score': 4.0, 'count': 7, 'source': 'Tripadvisor', 'timestamp': '2025-01-01 16:21:44'}, {'score': 8.8, 'count': 805, 'source': 'salzburghotelinfo.com', 'timestamp': '2025-01-01 16:21:44'}, {'score': 8.8, 'count': 748, 'source': 'saalbachhinterglemmhotels.com', 'timestamp': '2025-01-01 16:21:44'}]",2025-01-01 16:21:44
Salzburg,Numa Flute,"Maxglan, Eniglstraße 7",Austria,47.7984796,13.0252419,7,Eniglstraße,Neu-Maxglan,Salzburg,5020,https://www.booking.com/hotel/at/villa-riedenburg-boutique-apartments.html,https://www.airbnb.com/rooms/51973785,https://www.expedia.com/Salzburg-Hotels-Flute-By-HeymCollections.h70984925.Hotel-Information,https://www.tripadvisor.com/Hotel_Review-g190441-d23636736-Reviews-Numa_I_Flute_Apartments-Salzburg_Austrian_Alps.html,https://www.hotels.com/ho2272517600/numa-i-flute-apartments-salzburg-austria/,https://serpapi.com/searches/67754ff2d144317c78127a92/images/a57f9628e613edbe8650f485e940d4d8.jpeg,"[{'score': 8.6, 'count': 507, 'source': 'Booking.com', 'timestamp': '2025-01-01 16:21:46'}, {'score': 8.8, 'count': 6, 'source': 'Expedia.com', 'timestamp': '2025-01-01 16:21:46'}, {'score': 8.7, 'count': 508, 'source': 'Agoda.com', 'timestamp': '2025-01-01 16:21:46'}, {'score': 8.8, 'count': 6, 'source': 'Hotels.com', 'timestamp': '2025-01-01 16:21:46'}, {'score': 3.5, 'count': 4, 'source': 'Tripadvisor', 'timestamp': '2025-01-01 16:21:46'}]",2025-01-01 16:21:46
Salzburg,Numa Sonate,"Neustadt, Schwarzstr. 12/Ledergasse 2",Austria,47.8021107,13.044061,2,Lederergasse,,Salzburg,5020,https://www.booking.com/hotel/at/townhouse-tessa-by-heymcollections.html,,https://www.expedia.com/Hotel-Search?selected=70893371&locale=en_US&HotelID=70893371&siteid=1,https://www.tripadvisor.com/Hotel_Review-g190441-d15553463-Reviews-Numa_Sonate_Apartments-Salzburg_Austrian_Alps.html,https://www.hotels.com/ho2269587872/numa-i-sonate-apartments-salzburg-austria/,https://serpapi.com/searches/6775527953679702fe92c5ab/images/e7b4ad5a1c005f20e8d09cdfc54a2a13.jpeg,"[{'score': 3.5, 'count': 6, 'source': 'Tripadvisor', 'timestamp': '2025-01-01 16:21:49'}, {'score': 7.8, 'count': 312, 'source': 'Booking.com', 'timestamp': '2025-01-01 16:21:49'}, {'score': 7.6, 'count': 10, 'source': 'Hotels.com', 'timestamp': '2025-01-01 16:21:49'}]",2025-01-01 16:21:49
Salzburg,Numa Nora,"Neustadt, Schallmoser Hauptstraße 17 A",Austria,47.80586659999999,13.0524838,17,Schallmooser Hauptstraße,,Salzburg,5020,https://www.booking.com/hotel/at/townhouse-nora-salzburg.de.html,https://www.airbnb.com/rooms/52377407,https://www.expedia.com/Salzburg-Hotels-Townhouse-Nora-By-HeymCollections.h70984412.Hotel-Information,,https://www.hotels.com/ho2272501184/numa-i-nora-apartments-salzburg-austria/,https://serpapi.com/searches/6775527be6dd217b202050fe/images/78e8c6eb55ce4de6d2715adf93b889a32b8fdf37e413ae5c9b441c1083ed071a.jpeg,"[{'score': 8.4, 'count': 449, 'source': 'Booking.com', 'timestamp': '2025-01-01 16:21:51'}, {'score': 9, 'count': 550, 'source': 'Trivago', 'timestamp': '2025-01-01 16:21:51'}, {'score': 9, 'count': 554, 'source': 'trivago', 'timestamp': '2025-01-01 16:21:51'}, {'score': 9.4, 'count': 1000, 'source': 'Travelocity.com', 'timestamp': '2025-01-01 16:21:51'}]",2025-01-01 16:21:51
Wien,Numa Wood,"Rudolfsheim-Fünfhaus, Mariahilfer Gürtel 33",Austria,48.1945801,16.3388668,33,Mariahilfer Gürtel,Neu-Fünfhaus,Wien,1150,https://www.booking.com/hotel/at/the-wood.de.html,,https://www.expedia.com/Vienna-Hotels-The-Wood.h48246145.Hotel-Information,,https://www.hotels.com/ho1544876640/numa-wood-rooms-apartments-vienna-austria/,https://serpapi.com/searches/6775527e5b1940e0ac885f4e/images/a5b272feb0bba6173f8e11e7e82ba2c7ece4aeded181ff7d3493ef30383ecdd8.jpeg,"[{'score': 8.6, 'count': 3074, 'source': 'Booking.com', 'timestamp': '2025-01-01 16:21:53'}, {'score': 9, 'count': 85, 'source': 'Expedia.com', 'timestamp': '2025-01-01 16:21:53'}, {'score': 8.7, 'count': 42, 'source': 'Agoda.com', 'timestamp': '2025-01-01 16:21:53'}, {'score': 9, 'count': 85, 'source': 'Hotels.com', 'timestamp': '2025-01-01 16:21:53'}, {'score': 4.5, 'count': 70, 'source': 'Tripadvisor', 'timestamp': '2025-01-01 16:21:53'}, {'score': 8.8, 'count': 73, 'source': 'Only-apartments.com', 'timestamp': '2025-01-01 16:21:53'}]",2025-01-01 16:21:53
Wien,Numa Strauss,"Rudolfsheim-Fünfhaus, Stiegergasse 3",Austria,48.18573480000001,16.3345767,3,Stiegergasse,Neu-Gaudenzdorf,Wien,1150,https://www.booking.com/hotel/at/sunrise-apartments.de.html,,https://www.expedia.com/Vienna-Hotels-Sunrise-Apartments.h34989964.Hotel-Information,,https://www.hotels.com/ho1120678848/numa-strauss-rooms-apartments-vienna-austria/,https://serpapi.com/searches/67755281466335196f436b36/images/54c53f7c750bebd0dd06821b91981244509938079e9d35706afa24e4f1db8340.jpeg,"[{'score': 8.8, 'count': 1709, 'source': 'Booking.com', 'timestamp': '2025-01-01 16:21:55'}, {'score': 8.8, 'count': 60, 'source': 'Hotels.com', 'timestamp': '2025-01-01 16:21:55'}, {'score': 8.8, 'count': 58, 'source': 'Expedia.com', 'timestamp': '2025-01-01 16:21:55'}, {'score': 4.0, 'count': 20, 'source': 'Tripadvisor', 'timestamp': '2025-01-01 16:21:55'}, {'score': 8.8, 'count': 1340, 'source': 'Kayak', 'timestamp': '2025-01-01 16:21:55'}]",2025-01-01 16:21:55
Wien,Numa Terra,"Mariahilf, Gumpendorfer Straße 60",Austria,48.1961215,16.3514093,60,Gumpendorfer Straße,Magdalenengrund,Wien,1060,https://www.booking.com/reviews/at/hotel/numa-i-terra-apartments.html,,https://www.expedia.com/Vienna-Hotels-Numa-I-Terra-Apartments.h99040983.Hotel-Information,https://www.tripadvisor.com/Hotel_Review-g190454-d26856641-Reviews-Numa_I_Terra_Apartments-Vienna.html,,https://serpapi.com/searches/677552a2bb5bfc6f312a0e99/images/cd7edefa53bd3b6fabfb4be27c44ee93.jpeg,"[{'score': 4.5, 'count': 7, 'source': 'Tripadvisor', 'timestamp': '2025-01-01 16:21:57'}, {'score': 9.4, 'count': 31, 'source': 'Expedia.com', 'timestamp': '2025-01-01 16:21:57'}, {'score': 9.3, 'count': 1361, 'source': 'Booking.com', 'timestamp': '2025-01-01 16:21:57'}]",2025-01-01 16:21:57
Antwerpen,Numa YAYS Antwerp Opera by Numa,"Diamantkwartier, Frankrijklei 33",Belgium,51.2169371,4.415299699999999,33,Frankrijklei,,Antwerpen,2000,https://www.booking.com/hotel/be/yays-antwerp-opera.html,,,https://www.tripadvisor.com/Hotel_Review-g188636-d23710118-Reviews-Numa_Antwerp_Opera-Antwerp_Antwerp_Province.html,https://www.hotels.com/ho2287011520/yays-antwerp-opera-antwerp-belgium/,https://serpapi.com/searches/677552a3dbaf920ac5af6abb/images/1c63dcdcb9bbf38b2aa1267988aaa20c.jpeg,"[{'score': 4.5, 'count': 30, 'source': 'Tripadvisor', 'timestamp': '2025-01-01 16:21:59'}, {'score': 9, 'count': 4092, 'source': 'Booking.com', 'timestamp': '2025-01-01 16:21:59'}, {'score': 9.1, 'count': 93, 'source': 'Agoda.com', 'timestamp': '2025-01-01 16:21:59'}, {'score': 9.6, 'count': 229, 'source': 'Hotels.com', 'timestamp': '2025-01-01 16:21:59'}]",2025-01-01 16:21:59
Bruxelles,Numa Lief,"Midi-Lemonnier, Pl. Rouppe 17",Belgium,50.8424043,4.3463842,17,Place Rouppe,Quartier Midi-Lemonnier - Zuid-Lemonnierwijk,Pentagone - Vijfhoek,1000,https://www.booking.com/hotel/be/numa-l-lief.html,,https://www.expedia.com/Brussels-Hotels-Numa-I-Lief.h83282123.Hotel-Information,https://www.tripadvisor.com/Hotel_Feature-g188644-d2623171-zft1-Pillows_Grand_Hotel_Place_Rouppe.html,https://www.hotels.com/ho2666027936/numa-i-lief-brussels-belgium/,https://serpapi.com/searches/677552a6afecad163dac8c65/images/d44aec401f96268bb1cbf0c19a38f5541d86a9686014a37264c1a6948c620181.jpeg,"[{'score': 4.5, 'count': 349, 'source': 'Tripadvisor', 'timestamp': '2025-01-01 16:22:02'}, {'score': 8.2, 'count': 2788, 'source': 'Booking.com', 'timestamp': '2025-01-01 16:22:02'}, {'score': 7.8, 'count': 56, 'source': 'Hotels.com', 'timestamp': '2025-01-01 16:22:02'}, {'score': 7.8, 'count': 56, 'source': 'Expedia.com', 'timestamp': '2025-01-01 16:22:02'}]",2025-01-01 16:22:02
obvod Praha 2,Numa Root,"Praha 2 , Malá Štěpánská 556/13",Czechia,50.0764839,14.4232511,13,Malá Štěpánská,Nové Město,Hlavní město Praha,120 00,https://www.booking.com/hotel/cz/antik-city-prague.html,,https://www.expedia.com/Prague-Hotels-Antik-City-Hotel.h1357274.Hotel-Information,https://www.tripadvisor.com/Hotel_Review-g274707-d593213-Reviews-Numa_Root_Rooms_Apartments-Prague_Bohemia.html,https://www.hotels.com/ho277051/antik-city-hotel-prague-czech-republic/,https://serpapi.com/searches/677552a6c5332bba8fda48ee/images/d53963ad976be251bf22e4ef6f4588e53c7aad0cf34f8c8735f23ad1ef7b246c.jpeg,"[{'score': 4.0, 'count': 251, 'source': 'Tripadvisor', 'timestamp': '2025-01-01 16:22:04'}, {'score': 8.8, 'count': 1647, 'source': 'Booking.com', 'timestamp': '2025-01-01 16:22:04'}, {'score': 8.2, 'count': 309, 'source': 'Hotels.com', 'timestamp': '2025-01-01 16:22:04'}, {'score': 8.2, 'count': 307, 'source': 'Expedia.com', 'timestamp': '2025-01-01 16:22:04'}, {'score': 8.4, 'count': 89, 'source': 'Agoda.com', 'timestamp': '2025-01-01 16:22:04'}, {'score': 4.3, 'count': 15, 'source': 'Trip.com', 'timestamp': '2025-01-01 16:22:04'}]",2025-01-01 16:22:04
Praha,Numa Libusa,"Praha 2 , Ke Karlovu 19",Czechia,50.0750566,14.4254993,19,Ke Karlovu,Nové Město,Hlavní město Praha,120 00,https://www.booking.com/hotel/cz/sunrise.html,,https://www.expedia.com/Prague-Hotels-Hotel-Sunrise.h10990182.Hotel-Information,https://www.tripadvisor.com/Hotel_Review-g274707-d3673060-Reviews-Numa_l_Libusa_Apartments-Prague_Bohemia.html,,https://serpapi.com/searches/677552a71b3d2740cb87c6f4/images/c51dbbdf95027ffedc71606706cf04f8f02ed29191865a1b5a5d07c0c65c8403.jpeg,"[{'score': 9.2, 'count': 1235, 'source': 'Booking.com', 'timestamp': '2025-01-01 16:22:06'}, {'score': 4.5, 'count': 367, 'source': 'Tripadvisor', 'timestamp': '2025-01-01 16:22:06'}, {'score': 4.5, 'count': 12, 'source': 'Trip.com', 'timestamp': '2025-01-01 16:22:06'}, {'score': 9.2, 'count': 1235, 'source': 'prague-hotels.org', 'timestamp': '2025-01-01 16:22:06'}, {'score': 8.8, 'count': 342, 'source': 'Expedia.com', 'timestamp': '2025-01-01 16:22:06'}]",2025-01-01 16:22:06
Praha,Numa Flow,"Praha 2 , Dittrichova 20",Czechia,50.0762181,14.4156473,20,Dittrichova,Nové Město,Hlavní město Praha,120 00,,,https://www.expedia.com/Prague-Hotels-La-Ballerina.h7421795.Hotel-Information,https://www.tripadvisor.com/Hotel_Review-g274707-d6390666-Reviews-Numa_I_Flow_Rooms_Apartments-Prague_Bohemia.html,https://www.hotels.com/ho449192/la-ballerina-prague-czech-republic/,https://serpapi.com/searches/6775544b2d7ded6724b2550f/images/9e9cfe32a2c0bbf054e60962412b5a6e0414448fe13a3af56d31860d988da398.jpeg,"[{'score': 9.5, 'count': 2808, 'source': 'Trivago', 'timestamp': '2025-01-01 16:22:08'}, {'score': 9.4, 'count': 187, 'source': 'Expedia.com', 'timestamp': '2025-01-01 16:22:08'}, {'score': 9.4, 'count': 190, 'source': 'Hotels.com', 'timestamp': '2025-01-01 16:22:08'}, {'score': 5.0, 'count': 1058, 'source': 'Tripadvisor', 'timestamp': '2025-01-01 16:22:08'}, {'score': 4.5, 'count': 619, 'source': 'PriceTravel', 'timestamp': '2025-01-01 16:22:08'}, {'score': 9.5, 'count': 2812, 'source': 'trivago', 'timestamp': '2025-01-01 16:22:08'}]",2025-01-01 16:22:08
Praha,Numa Poise,"Staré Město, Národní 27",Czechia,50.08239589999999,14.4185032,27,Národní,Staré Město,Hlavní město Praha,110 00,https://www.booking.com/hotel/cz/numa-i-poise-rooms-and-apartments.cs.html,,https://www.expedia.com/Prague-Hotels-Numa-I-Poise-Rooms-Apartments.h88620139.Hotel-Information,https://www.tripadvisor.com/Hotel_Review-g274707-d25137139-Reviews-Numa_I_Poise_Rooms_Apartments-Prague_Bohemia.html,https://www.hotels.com/ho2836844448/numa-i-poise-rooms-apartments-prague-czechia/,https://serpapi.com/searches/6775544d9019d4677ca11965/images/1ba39cc7df9ce02ef6ba42085f79a9da897ffac0820612605914430b693eabba.jpeg,"[{'score': 3.5, 'count': 12, 'source': 'Tripadvisor', 'timestamp': '2025-01-01 16:22:10'}, {'score': 8.8, 'count': 1942, 'source': 'Booking.com', 'timestamp': '2025-01-01 16:22:10'}, {'score': 9, 'count': 101, 'source': 'Expedia.com', 'timestamp': '2025-01-01 16:22:10'}, {'score': 9, 'count': 101, 'source': 'Hotels.com', 'timestamp': '2025-01-01 16:22:10'}]",2025-01-01 16:22:10
Prague,Numa Republika,"Petrská, 5 Petrská",Czechia,50.091435,14.4329551,5,Petrská,Nové Město,Hlavní město Praha,110 00,https://www.booking.com/hotel/cz/republika-amp-suites.cs.html,,https://www.expedia.com/Prague-Hotels-Hotel-Republika-Suites.h34879349.Hotel-Information,https://www.tripadvisor.com/Hotel_Review-g274707-d17431195-Reviews-Numa_I_Republika_Rooms_Apartments-Prague_Bohemia.html,,https://serpapi.com/searches/6775544e14039d6e0fccff63/images/6572bbcbe5f37c0d4cbc5c97e62731cb0dd1bb040a08800516f0ed628f38259a.jpeg,"[{'score': 9.1, 'count': 1000, 'source': 'Booking.com', 'timestamp': '2025-01-01 16:22:12'}, {'score': 4.5, 'count': 49, 'source': 'Tripadvisor', 'timestamp': '2025-01-01 16:22:12'}, {'score': 9.1, 'count': 1566, 'source': 'Trivago', 'timestamp': '2025-01-01 16:22:12'}, {'score': 9.1, 'count': 1000, 'source': 'prague-hotels.org', 'timestamp': '2025-01-01 16:22:12'}, {'score': 9, 'count': 58, 'source': 'Expedia.com', 'timestamp': '2025-01-01 16:22:12'}, {'score': 9.1, 'count': 1025, 'source': 'praguehotelsweb.com', 'timestamp': '2025-01-01 16:22:12'}]",2025-01-01 16:22:12
København,Numa Nørrebro,"Nørrebro, Drejervej 4",Denmark,55.70276029999999,12.5358736,4,Drejervej,Mjølnerparken,Bispebjerg,2400,https://www.booking.com/hotel/dk/numa-i-drejervej.da.html,,,,https://www.hotels.com/ho3279697024/numa-copenhagen-norrebro-copenhagen-denmark/,https://serpapi.com/searches/6775545ebcbfc2143b6b75c7/images/78176db09929c3af8ebf0cfe1dfb5d2f6e2bdb73b7a03e0cdf68929c5d595683.jpeg,"[{'score': 8.7, 'count': 328, 'source': 'Booking.com', 'timestamp': '2025-01-01 16:22:15'}, {'score': 4.0, 'count': 6, 'source': 'Tripadvisor', 'timestamp': '2025-01-01 16:22:15'}, {'score': 9, 'count': 23, 'source': 'Hotels.com', 'timestamp': '2025-01-01 16:22:15'}, {'score': 4.3, 'count': 10, 'source': 'Trip.com Official Site\u200e\u200e | Travel Deals and Promotions', 'timestamp': '2025-01-01 16:22:15'}]",2025-01-01 16:22:15
Paris,Numa YAYS Paris Issy by Numa,"Issy-Les -Moulineaux, 20 Av. Bourgain",France,48.8216097,2.2649876,20,Avenue Bourgain,Quartier Centre-Ville / Corentin Celton / Les Varennes,Hauts-de-Seine,92130,,,,,,,[],2025-01-01 16:22:17
Paris,Numa YAYS Paris Zola by Numa,"Grenelle, 17 Rue Fondary",France,48.8485387,2.2923443,17,Rue Fondary,Quartier de Grenelle,Département de Paris,75015,https://www.booking.com/hotel/fr/eiffel-village-apartments-paris-centre.html,,https://www.expedia.com/Paris-Hotels-Short-Stay-Group-Eiffel-Village-Serviced-Apartments.h18691225.Hotel-Information,https://www.tripadvisor.com/Hotel_Review-g187147-d15319408-Reviews-Short_Stay_Group_Eiffel_Village_Apartments_Paris-Paris_Ile_de_France.html,https://www.hotels.com/ho702244/short-stay-group-eiffel-village-serviced-apartments-paris-france/,https://serpapi.com/searches/67755466b10a9a038f6e0929/images/4e1f086f21850da8fee8233659e389dd.jpeg,"[{'score': 3.0, 'count': 4, 'source': 'Tripadvisor', 'timestamp': '2025-01-01 16:22:19'}, {'score': 7.9, 'count': 622, 'source': 'Booking.com', 'timestamp': '2025-01-01 16:22:19'}, {'score': 7.8, 'count': 158, 'source': 'Hotels.com', 'timestamp': '2025-01-01 16:22:19'}]",2025-01-01 16:22:19
Paris,Numa Champs-Élysées,"8th arrondissement, 37 Rue Marbeuf",France,48.8697083,2.305094,37,Rue Marbeuf,Quartier des Champs-Élysées,Département de Paris,75008,https://www.booking.com/reviews/fr/hotel/numa-paris-champs-elysees.en-gb.html,,https://www.expedia.com/Paris-Hotels-Numa-Paris-Champs-Elysees.h106539071.Hotel-Information,https://www.tripadvisor.com/Hotel_Review-g187147-d28011278-Reviews-Numa_Paris_Champs_elysees-Paris_Ile_de_France.html,https://ms.hotels.com/en/ho3410250272/,https://serpapi.com/searches/6775546b1e450bb2dca654cf/images/e3f30d622f2d258357ab017cc0d4d843d260a7f371159e4b22c23d9c793b574d.jpeg,"[{'score': 4.0, 'count': 1, 'source': 'Tripadvisor', 'timestamp': '2025-01-01 16:22:21'}, {'score': 8.6, 'count': 239, 'source': 'Booking.com', 'timestamp': '2025-01-01 16:22:21'}, {'score': 8, 'count': 21, 'source': 'Hoteles.com', 'timestamp': '2025-01-01 16:22:21'}, {'score': 8, 'count': 21, 'source': 'Hotels.com', 'timestamp': '2025-01-01 16:22:21'}]",2025-01-01 16:22:21
Berlin,Numa Savi,"Charlottenburg, Kantstraße 126",Germany,52.50590219999999,13.3119574,126,Kantstraße,Kantstraße,Charlottenburg,10625,https://www.booking.com/hotel/de/stilwerk-kantgaragen-berlin63.html,https://www.airbnb.com/rooms/922318805061403051,https://www.expedia.com/Berlin-Hotels-Stilwerk-Hotel-KantGaragen.h85298114.Hotel-Information,https://www.tripadvisor.com/Hotel_Review-g187323-d26774707-Reviews-Numa_I_Savi_Rooms_Apartments-Berlin.html,https://www.hotels.com/ho2730539648/stilwerk-hotel-kantgaragen-berlin-germany/,https://serpapi.com/searches/6775546d6d75fc9efde49791/images/77b8cad438dd84e911b0a278be40946586b2a021f986c4cfadbbce2ef70f464e.jpeg,"[{'score': 8.6, 'count': 1543, 'source': 'Booking.com', 'timestamp': '2025-01-01 16:22:23'}, {'score': 9.2, 'count': 52, 'source': 'Expedia.com', 'timestamp': '2025-01-01 16:22:23'}, {'score': 9.2, 'count': 52, 'source': 'Hotels.com', 'timestamp': '2025-01-01 16:22:23'}, {'score': 8.6, 'count': 18, 'source': 'Agoda.com', 'timestamp': '2025-01-01 16:22:23'}, {'score': 4.5, 'count': 3, 'source': 'Tripadvisor', 'timestamp': '2025-01-01 16:22:23'}]",2025-01-01 16:22:23
Berlin,Numa Arc,"Kreuzberg, Friedrichstraße 31",Germany,52.5047195,13.3910689,31,Friedrichstraße,Kreuzberg,Friedrichshain-Kreuzberg,10969,https://www.booking.com/hotel/de/numa-i-arc-rooms-amp-apartments.html,https://www.airbnb.com/rooms/721523591301947759,https://www.expedia.com/Berlin-Hotels-Angleterre-Hotel.h992661.Hotel-Information,https://www.tripadvisor.com/Hotel_Review-g187323-d290388-Reviews-Numa_I_Arc_Rooms_Apartments-Berlin.html,https://www.hotels.com/ho220231/angleterre-hotel-berlin-germany/,https://serpapi.com/searches/67755c10c132efd3ca8c7e1b/images/fb064be1611b7222d86842c321766229.jpeg,"[{'score': 4.0, 'count': 1774, 'source': 'Tripadvisor', 'timestamp': '2025-01-01 16:22:25'}, {'score': 8.3, 'count': 4382, 'source': 'Booking.com', 'timestamp': '2025-01-01 16:22:25'}, {'score': 7.7, 'count': 18, 'source': 'Agoda.com', 'timestamp': '2025-01-01 16:22:25'}, {'score': 8.4, 'count': 1073, 'source': 'Expedia.com', 'timestamp': '2025-01-01 16:22:25'}, {'score': 8.4, 'count': 1073, 'source': 'Hotels.com', 'timestamp': '2025-01-01 16:22:25'}]",2025-01-01 16:22:25
Berlin,Numa Boxer,"Friedrichshain, Holteistraße 22",Germany,52.5090338,13.466393,22,Holteistraße,Friedrichshain,Friedrichshain-Kreuzberg,10247,https://www.booking.com/hotel/de/almodovarhotel-berlin-biohotel.html,,https://www.expedia.com/Berlin-Hotels-Numa-I-Boxer-Rooms-Apartments.h5121518.Hotel-Information,https://www.tripadvisor.com/Hotel_Review-g187323-d26358411-Reviews-Numa_Boxer-Berlin.html,https://ms.hotels.com/en/ho409379/numa-i-boxer-rooms-apartments-berlin-germany/,https://serpapi.com/searches/67755c11b17e508eecdbf896/images/11233de1421bd6693c5c709315f364b6.jpeg,"[{'score': 1.0, 'count': 9, 'source': 'Tripadvisor', 'timestamp': '2025-01-01 16:22:28'}, {'score': 7.4, 'count': 13, 'source': 'Expedia.com', 'timestamp': '2025-01-01 16:22:28'}, {'score': 7.4, 'count': 13, 'source': 'Hotels.com', 'timestamp': '2025-01-01 16:22:28'}, {'score': 7.4, 'count': 13, 'source': 'Hotels.com', 'timestamp': '2025-01-01 16:22:28'}, {'score': 7.4, 'count': 12, 'source': 'Only-apartments.com', 'timestamp': '2025-01-01 16:22:28'}, {'score': 8.1, 'count': 972, 'source': 'Booking.com', 'timestamp': '2025-01-01 16:22:28'}, {'score': 7.4, 'count': 13, 'source': 'Orbitz.com', 'timestamp': '2025-01-01 16:22:28'}]",2025-01-01 16:22:28
Berlin,Numa Sketch,"Friedrichshain, Grünberger Str. 54",Germany,52.5117809,13.4559989,54,Grünberger Straße,Samariterviertel,Friedrichshain,10245,https://www.booking.com/hotel/de/sketch-rooms-amp-apartments.html,https://www.airbnb.com/rooms/46864858,https://www.expedia.com/Berlin-Hotels-Sketch-Rooms-Apartments.h61418930.Hotel-Information,https://www.tripadvisor.com/Hotel_Review-g187323-d22981955-Reviews-Numa_l_Sketch_Rooms_Apartments-Berlin.html,,https://serpapi.com/searches/67755c14f59f575683c8a9b8/images/2975b854d5b1d4598b8a16ab8da7a71d.jpeg,"[{'score': 4.0, 'count': 13, 'source': 'Tripadvisor', 'timestamp': '2025-01-01 16:22:30'}, {'score': 8.3, 'count': 2428, 'source': 'Booking.com', 'timestamp': '2025-01-01 16:22:30'}, {'score': 8.6, 'count': 56, 'source': 'Expedia.com', 'timestamp': '2025-01-01 16:22:30'}, {'score': 8.6, 'count': 70, 'source': 'Myboutiquehotel.com', 'timestamp': '2025-01-01 16:22:30'}, {'score': 8, 'count': 14, 'source': 'Agoda.com', 'timestamp': '2025-01-01 16:22:30'}]",2025-01-01 16:22:30
Berlin,Numa Kudamm,"Charlottenburg, Tauentzienstraße 8",Germany,52.5043052,13.33931,8,Tauentzienstraße,Charlottenburg,Charlottenburg-Wilmersdorf,10789,https://www.booking.com/hotel/de/about-berlin-hotel.de.html,,,https://www.tripadvisor.com/Hotel_Review-g187323-d199417-Reviews-or30-Numa_Berlin_Kudamm-Berlin.html,https://www.hotels.com/ho170795/about-berlin-hotel-berlin-germany/,https://serpapi.com/searches/67755c17653bd4e0df4647dd/images/4d455597aecbc516731bd2f10e61dc8d.jpeg,"[{'score': 4.5, 'count': 85, 'source': 'Tripadvisor', 'timestamp': '2025-01-01 16:22:32'}, {'score': 8.6, 'count': 4138, 'source': 'Booking.com', 'timestamp': '2025-01-01 16:22:32'}, {'score': 8.7, 'count': 35, 'source': 'Agoda.com', 'timestamp': '2025-01-01 16:22:32'}, {'score': 4.3, 'count': 73, 'source': 'Trip.com', 'timestamp': '2025-01-01 16:22:32'}, {'score': 4.5, 'count': 85, 'source': 'Tripadvisor', 'timestamp': '2025-01-01 16:22:32'}, {'score': 8.7, 'count': 6898, 'source': 'Trivago', 'timestamp': '2025-01-01 16:22:32'}, {'score': 8.8, 'count': 260, 'source': 'Hotels.com', 'timestamp': '2025-01-01 16:22:32'}]",2025-01-01 16:22:32
Berlin,Numa Potsdamer Platz,"Mitte, Stresemannstr. 95-97",Germany,52.5057254,13.380306,95,Stresemannstraße,,,10963,https://www.booking.com/hotel/de/precise-tale-berlin.html,,,https://www.tripadvisor.com/Hotel_Review-g187323-d23709282-Reviews-Numa_Berlin_Potsdamer_Platz-Berlin.html,https://www.hotels.com/ho2259940512/precise-tale-berlin-berlin-germany/,https://serpapi.com/searches/67755c1931ebd734ff71f1f5/images/e31dfa0ea064bae9630d93879c5f45f9816b41187d5bf77a3fc8bfbd31b969ac.jpeg,"[{'score': 3.5, 'count': 85, 'source': 'Tripadvisor', 'timestamp': '2025-01-01 16:22:34'}, {'score': 8.5, 'count': 5958, 'source': 'Booking.com', 'timestamp': '2025-01-01 16:22:34'}, {'score': 8.6, 'count': 107, 'source': 'Hotels.com', 'timestamp': '2025-01-01 16:22:34'}, {'score': 8.6, 'count': 107, 'source': 'Travelocity', 'timestamp': '2025-01-01 16:22:34'}]",2025-01-01 16:22:34
Berlin,Numa Drift,"Schöneberg, Nollendorfplatz 2",Germany,52.50010830000001,13.3526433,2,Nollendorfplatz,Nollendorfplatz,Schöneberg,10787,https://www.booking.com/hotel/de/gaijin.html,https://www.airbnb.com/rooms/49087087,https://www.expedia.com/Berlin-Hotels-Numa-Drift-Rooms-Apartments.h32467059.Hotel-Information,https://www.tripadvisor.com/Hotel_Review-g187323-d15642842-Reviews-Numa_Drift-Berlin.html,https://www.hotels.com/ho1039945888/numa-drift-rooms-apartments-berlin-germany/,https://serpapi.com/searches/67755c1cb5ed1348a6a1036c/images/a4137390d89ff90bc499007294adfa7a.jpeg,"[{'score': 4.0, 'count': 52, 'source': 'Tripadvisor', 'timestamp': '2025-01-01 16:22:36'}, {'score': 8.5, 'count': 3154, 'source': 'Booking.com', 'timestamp': '2025-01-01 16:22:36'}, {'score': 8.2, 'count': 119, 'source': 'Hotels.com', 'timestamp': '2025-01-01 16:22:36'}, {'score': 8.2, 'count': 119, 'source': 'Expedia.com', 'timestamp': '2025-01-01 16:22:36'}, {'score': 1, 'count': 1, 'source': 'hrs.com', 'timestamp': '2025-01-01 16:22:36'}]",2025-01-01 16:22:36
Berlin,Numa Torstraße,"Prenzlauer Berg, Alte Schönhauser Str. 2",Germany,52.5285889,13.4091011,2,Alte Schönhauser Straße,,,10119,https://www.booking.com/hotel/de/alte-schonhauser-str-2-10119-berlin.de.html,,,,https://kr.hotels.com/en/ho2853051168/selina-berlin-mitte-berlin-germany/,https://serpapi.com/searches/67755c1d31ebd7354121aeec/images/993d12105b6944251e32194121a0f5cca64bfbfd27421d6bf971128df5fae317.jpeg,"[{'score': 8.2, 'count': 2036, 'source': 'Booking.com', 'timestamp': '2025-01-01 16:22:38'}, {'score': 8.4, 'count': 49, 'source': 'Hotels.com', 'timestamp': '2025-01-01 16:22:38'}, {'score': 8.4, 'count': 49, 'source': 'Expedia', 'timestamp': '2025-01-01 16:22:38'}, {'score': 1.0, 'count': 1, 'source': 'Tripadvisor', 'timestamp': '2025-01-01 16:22:38'}, {'score': 4.1, 'count': 38, 'source': 'Trip.com', 'timestamp': '2025-01-01 16:22:38'}, {'score': 8.2, 'count': 325, 'source': 'Trivago', 'timestamp': '2025-01-01 16:22:38'}]",2025-01-01 16:22:38
Berlin,Numa Novela,"Wilmersdorf, Konstanzer Strasse 1",Germany,52.4988328,13.3120967,1,Konstanzer Straße,Wilmersdorf,Charlottenburg-Wilmersdorf,10707,https://www.booking.com/hotel/de/numa-i-novela-rooms-amp-apartments.de.html,,https://www.expedia.com/Berlin-Hotels-Olivaer-Apart-Hotel-Am-Kurfurstendamm.h201090.Hotel-Information,,,https://serpapi.com/searches/67755c2013ac985f1457c20d/images/c741d1f8babe2b79db2f43a2caad6f5371dcc303f52bda9f54a5bc14d13380ed.jpeg,"[{'score': 8.5, 'count': 2565, 'source': 'Booking.com', 'timestamp': '2025-01-01 16:22:41'}, {'score': 8.8, 'count': 145, 'source': 'Expedia.com', 'timestamp': '2025-01-01 16:22:41'}, {'score': 3.0, 'count': 23, 'source': 'Tripadvisor', 'timestamp': '2025-01-01 16:22:41'}, {'score': 8.5, 'count': 36, 'source': 'Agoda.com', 'timestamp': '2025-01-01 16:22:41'}, {'score': 5, 'count': 5, 'source': 'HolidayCheck', 'timestamp': '2025-01-01 16:22:41'}]",2025-01-01 16:22:41
Berlin,Numa Nook,"Mitte, Große Hamburger Str. 23",Germany,52.5239138,13.3996421,23,Große Hamburger Straße,Spandauer Vorstadt,Mitte,10115,https://www.booking.com/hotel/de/frederics-serviced-apartment.html,https://www.airbnb.com/rooms/45475252,https://www.expedia.com/Berlin-Hotels-Numa-Nook-Rooms-Apartments.h12294109.Hotel-Information,https://www.tripadvisor.com/Hotel_Review-g187323-d8601792-Reviews-Numa_Nook_Rooms_Apartments-Berlin.html,https://www.hotels.com/ho545854/numa-nook-rooms-apartments-berlin-germany/,https://serpapi.com/searches/67755c23f84321aacfc65e47/images/ef70a4b5bcb32b9d1396b151ee571357ff7beaace73547be6614e1194c4af29a.jpeg,"[{'score': 4.0, 'count': 261, 'source': 'Tripadvisor', 'timestamp': '2025-01-01 16:22:43'}, {'score': 8.6, 'count': 2115, 'source': 'Booking.com', 'timestamp': '2025-01-01 16:22:43'}, {'score': 9, 'count': 718, 'source': 'Expedia.com', 'timestamp': '2025-01-01 16:22:43'}, {'score': 4.2, 'count': 45, 'source': 'Trip.com Official Site\u200e\u200e | Travel Deals and Promotions', 'timestamp': '2025-01-01 16:22:43'}, {'score': 9, 'count': 717, 'source': 'Hotels.com', 'timestamp': '2025-01-01 16:22:43'}]",2025-01-01 16:22:43
Berlin,Numa Belfort,"Prenzlauer Berg, Belforter Str. 24",Germany,52.5324537,13.4187202,24,Belforter Straße,Kollwitzkiez,Prenzlauer Berg,10405,https://www.booking.com/hotel/de/belfort-berlin.html,https://www.airbnb.com/rooms/39886151,https://www.expedia.com/Berlin-Hotels-The-Belfort-Berlin.h42726962.Hotel-Information,https://www.tripadvisor.com/Hotel_Review-g187323-d19772055-Reviews-Numa_Belfort_Rooms_Apartments-Berlin.html,https://www.hotels.com/ho1368262784/numa-belfort-rooms-apartments-berlin-germany/,https://serpapi.com/searches/67755c24937cf3c039abe01a/images/fd3a2f49557ea4a902e8a89570293dfac2c7a654877846c0561c0816458a1603.jpeg,"[{'score': 4.0, 'count': 14, 'source': 'Tripadvisor', 'timestamp': '2025-01-01 16:22:45'}, {'score': 8.3, 'count': 402, 'source': 'Booking.com', 'timestamp': '2025-01-01 16:22:45'}, {'score': 8.2, 'count': 46, 'source': 'Expedia.com', 'timestamp': '2025-01-01 16:22:45'}, {'score': 8.2, 'count': 46, 'source': 'Hotels.com', 'timestamp': '2025-01-01 16:22:45'}, {'score': 8.3, 'count': 401, 'source': 'hotel-in-berlin.org', 'timestamp': '2025-01-01 16:22:45'}]",2025-01-01 16:22:45
Berlin,Numa Kater,"Friedrichshain, Warschauerstr. 46 & 47",Germany,52.5036995,13.4472703,46,Warschauer Straße,,,10243,https://www.booking.com/hotel/de/berlin-eastside-apartments.de.html,,https://www.expedia.com/Berlin-Hotels-The-Kater.h44900482.Hotel-Information,,https://www.hotels.com/ho1437815424/numa-kater-apartments-berlin-germany/,https://serpapi.com/searches/67755c26aa5f898d1efb1af7/images/5b79cbc529ba15bdcbd91a84b95c95b10e84de90c43836275361d1b9e32738dd.jpeg,"[{'score': 8.4, 'count': 602, 'source': 'Booking.com', 'timestamp': '2025-01-01 16:22:47'}, {'score': 4.5, 'count': 7, 'source': 'Tripadvisor', 'timestamp': '2025-01-01 16:22:47'}, {'score': 10, 'count': 1, 'source': 'Agoda.com', 'timestamp': '2025-01-01 16:22:47'}, {'score': 9, 'count': 44, 'source': 'Expedia.com', 'timestamp': '2025-01-01 16:22:47'}, {'score': 9, 'count': 44, 'source': 'Hotels.com', 'timestamp': '2025-01-01 16:22:47'}]",2025-01-01 16:22:47
Bonn,Numa Bona,"Auerberg, Kölnstraße 360-364",Germany,50.7504453,7.0781659,360-364,Kölnstraße,Kölnstraße,Köln,53117,https://www.booking.com/hotel/de/auerberg-galerie.de.html,,,,,https://serpapi.com/searches/67755c2835bad4ae5e842693/images/fc8da9fa9407689166a754cb86aef843cc1b29230fd7633bdf2f14750d573a20.jpeg,"[{'score': 7.8, 'count': 1248, 'source': 'Booking.com', 'timestamp': '2025-01-01 16:22:49'}, {'score': 7.6, 'count': 1, 'source': 'hrs.com', 'timestamp': '2025-01-01 16:22:49'}, {'score': 7.8, 'count': 2328, 'source': 'Trivago', 'timestamp': '2025-01-01 16:22:49'}, {'score': 7.8, 'count': 794, 'source': 'Kayak', 'timestamp': '2025-01-01 16:22:49'}, {'score': 2.5, 'count': 8, 'source': 'Tripadvisor', 'timestamp': '2025-01-01 16:22:49'}]",2025-01-01 16:22:49
Bremen,Numa Saga,"Bremen Altstadt, Hanseatenhof 7",Germany,53.07887909999999,8.803691599999999,7,Hanseatenhof,Altstadt,Mitte,28195,https://www.booking.com/hotel/de/numa-l-saga-apartments.de.html,,https://www.expedia.com/Bremen-Hotels-Numa-L-Saga-Apartments.h91339408.Hotel-Information,,https://www.hotels.com/ho2923861056/numa-l-saga-apartments-bremen-germany/,https://serpapi.com/searches/67755c2c5f068c17e880ed7b/images/a77e1bbe1af65691cabdaf0cc6724b5655a81d66b702c10eb992d5e893889800.jpeg,"[{'score': 8.8, 'count': 1354, 'source': 'Booking.com', 'timestamp': '2025-01-01 16:22:52'}, {'score': 4.5, 'count': 16, 'source': 'Tripadvisor', 'timestamp': '2025-01-01 16:22:52'}, {'score': 5.9, 'count': 5, 'source': 'HolidayCheck', 'timestamp': '2025-01-01 16:22:52'}, {'score': 7.2, 'count': 10, 'source': 'Expedia.com', 'timestamp': '2025-01-01 16:22:52'}, {'score': 8.4, 'count': 758, 'source': 'Trivago', 'timestamp': '2025-01-01 16:22:52'}, {'score': 4.3, 'count': 1, 'source': 'Trip.com', 'timestamp': '2025-01-01 16:22:52'}, {'score': 7.2, 'count': 9, 'source': 'Hotels.com', 'timestamp': '2025-01-01 16:22:52'}]",2025-01-01 16:22:52
Düsseldorf,Numa Artol,"Pempelfort, Kaiserstraße 20",Germany,51.2342531,6.778892099999999,20,Kaiserstraße,Pempelfort,Düsseldorf,40479,https://www.booking.com/hotel/de/excelsiordusseldorf.html,,https://www.expedia.com/Dusseldorf-Hotels-Numa-Artol-Rooms-Apartments.h526118.Hotel-Information,https://www.tripadvisor.com/Hotel_Review-g187373-d234043-Reviews-Numa_Artol_Rooms_Apartments-Dusseldorf_North_Rhine_Westphalia.html,,https://serpapi.com/searches/67755c306f4dd171662cebd3/images/8790c672d4336c3423050a0ba8fbe107.jpeg,"[{'score': 7.8, 'count': 1755, 'source': 'Booking.com', 'timestamp': '2025-01-01 16:22:54'}, {'score': 3.5, 'count': 13, 'source': 'Tripadvisor', 'timestamp': '2025-01-01 16:22:54'}, {'score': 8, 'count': 554, 'source': 'Expedia.com', 'timestamp': '2025-01-01 16:22:54'}, {'score': 6.9, 'count': 4, 'source': 'ZenHotels.com', 'timestamp': '2025-01-01 16:22:54'}, {'score': 7.8, 'count': 1782, 'source': 'colognehotel.net', 'timestamp': '2025-01-01 16:22:54'}]",2025-01-01 16:22:54
Düsseldorf,Numa Leo,"Stadtbezirk 1, Am Wehrhahn 43 and Börnestrasse 3",Germany,51.22793129999999,6.7915743,43,Am Wehrhahn,,Düsseldorf,40211,https://www.booking.com/hotel/de/numa-i-leo-apartments.html,,https://www.expedia.com/Dusseldorf-Hotels-Numa-I-Leo-Apartments.h99564168.Hotel-Information,https://www.tripadvisor.com/Hotel_Review-g187373-d27317624-Reviews-Numa_I_Leo_Apartments-Dusseldorf_North_Rhine_Westphalia.html,https://ms.hotels.com/en/ho3187053376/numa-i-leo-apartments-dusseldorf-germany/,https://lh5.googleusercontent.com/p/AF1QipO2o6YKYiOLcnk4udEC8Z-3Y4KIU60VPdvOaNRS=w204-h114-n-k-no,"[{'score': 9, 'count': 22, 'source': 'Expedia.com', 'timestamp': '2025-01-01 16:22:56'}, {'score': 2.5, 'count': 3, 'source': 'Tripadvisor', 'timestamp': '2025-01-01 16:22:56'}, {'score': 8.8, 'count': 21, 'source': 'Hotels.com', 'timestamp': '2025-01-01 16:22:56'}, {'score': 4.4, 'count': 8, 'source': 'Trip.com', 'timestamp': '2025-01-01 16:22:56'}, {'score': 9, 'count': 22, 'source': 'Hotels.com', 'timestamp': '2025-01-01 16:22:56'}, {'score': 9, 'count': 300, 'source': 'Booking.com', 'timestamp': '2025-01-01 16:22:56'}]",2025-01-01 16:22:56
Frankfurt am Main,Numa Blau,"Bahnhofsviertel, Düsseldorfer str. 22",Germany,50.1092928,8.6613964,22,Düsseldorfer Straße,Bahnhofsviertel,Darmstadt,60329,https://www.booking.com/hotel/de/star-apart-hauptbahnhof.de.html,,,,,https://serpapi.com/searches/67755c3492bafe8ea71eba2f/images/9da8914f12c4b23c8be6a61fd6d3d2abe9b2b0c1ff944b60f3e6a6abddabe5e4.jpeg,"[{'score': 3.5, 'count': 26, 'source': 'Tripadvisor', 'timestamp': '2025-01-01 16:22:58'}, {'score': 7.9, 'count': 1140, 'source': 'Booking.com', 'timestamp': '2025-01-01 16:22:58'}, {'score': 3.5, 'count': 26, 'source': 'Tripadvisor', 'timestamp': '2025-01-01 16:22:58'}, {'score': 8.4, 'count': 40, 'source': 'Agoda.com', 'timestamp': '2025-01-01 16:22:58'}, {'score': 8, 'count': 1851, 'source': 'KAYAK', 'timestamp': '2025-01-01 16:22:58'}, {'score': 7.9, 'count': 1143, 'source': 'frankfurtammainhotels.com', 'timestamp': '2025-01-01 16:22:58'}]",2025-01-01 16:22:58
Frankfurt am Main,Numa Oben,"Bockenheim, Kreuznacher Str. 37",Germany,50.117491,8.641048,37,Kreuznacher Straße,City West,Darmstadt,60486,https://www.booking.com/hotel/de/star-gmbh.de.html,,https://www.expedia.com/Frankfurt-Hotels-Oben-Apartments.h60281654.Hotel-Information,,,https://serpapi.com/searches/67755c36ce9fd9216e1718e1/images/f51d0144b3746c09bd0ea0e4be8ab7c3391d8c32d44dae6b1313ff916fff0ffd.jpeg,"[{'score': 4.5, 'count': 64, 'source': 'Tripadvisor', 'timestamp': '2025-01-01 16:23:00'}, {'score': 7.8, 'count': 949, 'source': 'Booking.com', 'timestamp': '2025-01-01 16:23:00'}, {'score': 6.8, 'count': 20, 'source': 'Expedia.com', 'timestamp': '2025-01-01 16:23:00'}, {'score': 7.8, 'count': 949, 'source': 'frankfurtammainhotels.com', 'timestamp': '2025-01-01 16:23:00'}]",2025-01-01 16:23:00
Frankfurt am Main,Numa Bloc,"Innenstadt, Eschersheimer Landstraße 5-7",Germany,50.11843,8.6783804,5-7,Eschersheimer Landstraße,Innenstadt 1,Darmstadt,60322,https://www.booking.com/hotel/de/numa-l-bloc-apartments.de.html,,https://www.expedia.com/Frankfurt-Hotels-Numa-L-Bloc-Rooms-Apartments.h74886803.Hotel-Information,,https://www.hotels.com/ho2397377696/numa-l-bloc-rooms-apartments-frankfurt-germany/,https://serpapi.com/searches/67755c3783c8ea61e9c4bb8d/images/babba66fc52d7b9c9fa44c11fb28acc0.jpeg,"[{'score': 4.0, 'count': 17, 'source': 'Tripadvisor', 'timestamp': '2025-01-01 16:23:02'}, {'score': 8.3, 'count': 3013, 'source': 'Booking.com', 'timestamp': '2025-01-01 16:23:02'}, {'score': 7.2, 'count': 32, 'source': 'Expedia.com', 'timestamp': '2025-01-01 16:23:02'}, {'score': 7.7, 'count': 6, 'source': 'HRS – The hotel portal', 'timestamp': '2025-01-01 16:23:02'}, {'score': 7.2, 'count': 33, 'source': 'Hotels.com', 'timestamp': '2025-01-01 16:23:02'}, {'score': 5.3, 'count': 6, 'source': 'HolidayCheck', 'timestamp': '2025-01-01 16:23:02'}]",2025-01-01 16:23:02
Hamburg,Numa Fore,"Kapstadtring, Kapstadtring 1",Germany,53.602201,10.027402,1,Kapstadtring,,,22297,,,https://www.expedia.com/Hamburg-Hotels-My4walls-Serviced-Apartments-Hamburg.h21481445.Hotel-Information,https://www.tripadvisor.com/Hotel_Review-g187331-d13546695-Reviews-Numa_Fore_Rooms_Apartments-Hamburg.html,,https://serpapi.com/searches/67755c39051b23402c0c153c/images/32ff8859ca7db66b1da79d4de6f3f443.jpeg,"[{'score': 4.0, 'count': 53, 'source': 'Tripadvisor', 'timestamp': '2025-01-01 16:23:04'}, {'score': 8.2, 'count': 4662, 'source': 'hotelsinhamburg.net', 'timestamp': '2025-01-01 16:23:04'}, {'score': 5.6, 'count': 7, 'source': 'HRS – The hotel portal', 'timestamp': '2025-01-01 16:23:04'}, {'score': 8.8, 'count': 650, 'source': 'Expedia.com', 'timestamp': '2025-01-01 16:23:04'}, {'score': 8.8, 'count': 4681, 'source': 'Priceline', 'timestamp': '2025-01-01 16:23:04'}]",2025-01-01 16:23:04
München,Numa Obersendling,"Obersendling, Neunkirchner Strasse 1",Germany,48.0928928,11.5398339,1,Neunkirchner Straße,Südseite,Oberbayern,81379,https://www.booking.com/hotel/de/numa-munich-obersendling.html,,,https://www.tripadvisor.com/Hotel_Review-g187309-d27630282-Reviews-Numa_Munich_Obersendling-Munich_Upper_Bavaria_Bavaria.html,https://uk.hotels.com/ho3279711072/numa-munich-obersendling-munich-germany/,https://serpapi.com/searches/67755c3c572a94440c78ddb9/images/613c615b83344f9e57e71578fd8e6428c2c532729266767a9361085f8b0c39ea.jpeg,"[{'score': 1.0, 'count': 1, 'source': 'Tripadvisor', 'timestamp': '2025-01-01 16:23:07'}, {'score': 8.5, 'count': 179, 'source': 'Booking.com', 'timestamp': '2025-01-01 16:23:07'}, {'score': 8.6, 'count': 13, 'source': 'Hotels.com', 'timestamp': '2025-01-01 16:23:07'}, {'score': 4.2, 'count': 3, 'source': 'Trip.com', 'timestamp': '2025-01-01 16:23:07'}, {'score': 8.4, 'count': 12, 'source': 'Hotels.com', 'timestamp': '2025-01-01 16:23:07'}]",2025-01-01 16:23:07
München,Numa Munico,"Obergiesing, Ständlerstraße 45",Germany,48.1046141,11.6042806,45,Ständlerstraße,Obergiesing,Oberbayern,81549,https://www.booking.com/hotel/de/munico.de.html,,https://www.expedia.com/Munich-Hotels-Munico.h46248383.Hotel-Information,,https://www.hotels.com/ho1480948256/numa-munico-apartments-munich-germany/,https://serpapi.com/searches/67755c3edcff0b28035ecb4c/images/c41e30f3b6a983a9dfa58b9eae1402a2df158d4728d76f4d3ad64e49658a4f4f.jpeg,"[{'score': 8.1, 'count': 831, 'source': 'Booking.com', 'timestamp': '2025-01-01 16:23:09'}, {'score': 4.5, 'count': 8, 'source': 'Tripadvisor', 'timestamp': '2025-01-01 16:23:09'}, {'score': 8, 'count': 2, 'source': 'Agoda.com', 'timestamp': '2025-01-01 16:23:09'}, {'score': 8.1, 'count': 879, 'source': 'Trivago', 'timestamp': '2025-01-01 16:23:09'}, {'score': 8, 'count': 27, 'source': 'Hotels.com', 'timestamp': '2025-01-01 16:23:09'}, {'score': 8, 'count': 27, 'source': 'Expedia.com', 'timestamp': '2025-01-01 16:23:09'}, {'score': 8, 'count': 2, 'source': 'Agoda.com', 'timestamp': '2025-01-01 16:23:09'}]",2025-01-01 16:23:09
München,Numa Viktoria,"Moosach, Hanauerstrasse 105",Germany,48.18661729999999,11.5327531,105,Hanauer Straße,Hanauer Straße,Oberbayern,80993,https://www.booking.com/hotel/de/joyn-munich-olympic-munchen.html,,,https://www.tripadvisor.com/Hotel_Review-g187309-d14057706-Reviews-Numa_I_Viktoria_Apartments-Munich_Upper_Bavaria_Bavaria.html,https://in.hotels.com/ho752498208/joyn-munich-olympic-serviced-apartments-munich-germany/,https://serpapi.com/searches/67755c404940109bb6216b34/images/f654e259b9b56966de661886ec0fdc67ff5b989a034613b3d612f79df631d542.jpeg,"[{'score': 8.2, 'count': 3286, 'source': 'Booking.com', 'timestamp': '2025-01-01 16:23:11'}, {'score': 3.5, 'count': 38, 'source': 'Tripadvisor', 'timestamp': '2025-01-01 16:23:11'}, {'score': 8.2, 'count': 16, 'source': 'hrs.com', 'timestamp': '2025-01-01 16:23:11'}, {'score': 8.4, 'count': 353, 'source': 'Orbitz.com', 'timestamp': '2025-01-01 16:23:11'}, {'score': 8.2, 'count': 3259, 'source': 'hoteles-munich.com', 'timestamp': '2025-01-01 16:23:11'}]",2025-01-01 16:23:11
München,Numa Stark,"Au-Haidhausen, Rosenheimer Str. 145K",Germany,48.12065639999999,11.6070977,145K,Rosenheimer Straße,Haidhausen - Süd,Oberbayern,81671,https://www.booking.com/hotel/de/joyn-munich-rose.html,,https://www.expedia.com/Munich-Hotels-JOYN-Munich-Rose-Serviced-Apartments.h30935769.Hotel-Information,https://www.tripadvisor.com/Hotel_Review-g187309-d15873874-Reviews-Numa_Stark_Rooms-Munich_Upper_Bavaria_Bavaria.html,https://www.hotels.com/ho990944608/joyn-munich-rose-serviced-apartments-munich-germany/,https://serpapi.com/searches/67755c42c58ddcd2207d5171/images/bcad4ef67c88ac141b85f061ffdff6b8f1c959b62b469a4bec5f58fc6f738733.jpeg,"[{'score': 8.6, 'count': 1518, 'source': 'Booking.com', 'timestamp': '2025-01-01 16:23:13'}, {'score': 4.0, 'count': 6, 'source': 'Tripadvisor', 'timestamp': '2025-01-01 16:23:13'}, {'score': 8.6, 'count': 58, 'source': 'Hotels.com', 'timestamp': '2025-01-01 16:23:13'}, {'score': 8.6, 'count': 1730, 'source': 'Trivago', 'timestamp': '2025-01-01 16:23:13'}, {'score': 9.4, 'count': 1, 'source': 'hrs.com', 'timestamp': '2025-01-01 16:23:13'}, {'score': 8.6, 'count': 58, 'source': 'Expedia.com', 'timestamp': '2025-01-01 16:23:13'}]",2025-01-01 16:23:13
München,Numa Blend,"Schwanthalerhöhe, Schwanthalerstraße 26",Germany,48.1375599,11.5604682,26,Schwanthalerstraße,Schwanthalerhöhe,Oberbayern,80336,https://www.booking.com/hotel/de/numa-i-blend-apartments.de.html,https://www.airbnb.com/rooms/927970229613591209,,,https://de.hotels.com/ho1544763584/al-qaswaa-boardinghouse-munchen-deutschland/,https://serpapi.com/searches/67755c458e275a07f2d8a8c0/images/53f17ce329ab42e17124d1d3ba387bf0e52804d323ef8f01de50629ca74d6bf1.jpeg,"[{'score': 3.5, 'count': 6, 'source': 'Tripadvisor', 'timestamp': '2025-01-01 16:23:15'}, {'score': 8.5, 'count': 420, 'source': 'Booking.com', 'timestamp': '2025-01-01 16:23:15'}, {'score': 8.6, 'count': 36, 'source': 'Hotels.com', 'timestamp': '2025-01-01 16:23:15'}]",2025-01-01 16:23:15
Firenze,Numa Rodo,"Duomo , Via dei Calzaiuoli 13/N",Italy,43.7726384,11.2567981,13,Piazza del Duomo,,Città Metropolitana di Firenze,50122,https://www.booking.com/hotel/it/rodo-hotel-fashion-delight.it.html,,https://www.expedia.com/Florence-Hotels-Numa-Rodo-Rooms-Apartments.h9743160.Hotel-Information,,,https://serpapi.com/searches/67755c460729aea78d87a291/images/19575eb96591e00fa05637f90661c0141306dfdec8bcbc0b041a4d2964e0e55b.jpeg,"[{'score': 4.5, 'count': 444, 'source': 'Tripadvisor', 'timestamp': '2025-01-01 16:23:18'}, {'score': 8.6, 'count': 1852, 'source': 'Booking.com', 'timestamp': '2025-01-01 16:23:18'}, {'score': 9, 'count': 382, 'source': 'Expedia.com', 'timestamp': '2025-01-01 16:23:18'}, {'score': 8.8, 'count': 4089, 'source': 'Trivago', 'timestamp': '2025-01-01 16:23:18'}, {'score': 8.6, 'count': 1851, 'source': 'florence-hotels-it.com', 'timestamp': '2025-01-01 16:23:18'}, {'score': 8.2, 'count': 81, 'source': 'Myboutiquehotel.com', 'timestamp': '2025-01-01 16:23:18'}]",2025-01-01 16:23:18
Firenze,Numa Felice,"District 1, Piazza San Felice, 2",Italy,43.76502319999999,11.248073,2,Piazza San Felice,,Città Metropolitana di Firenze,50125,https://www.booking.com/reviews/it/hotel/numa-i-felice-rooms-amp-apartments.html,https://www.airbnb.com/rooms/1005031073639748516,https://www.expedia.com/Hotel-Search?selected=99565356&locale=en_US&HotelID=99565356&siteid=1,https://www.tripadvisor.com/Hotel_Review-g187895-d26820042-Reviews-Numa_Felice-Florence_Tuscany.html,https://ms.hotels.com/en/ho3187091392/numa-i-felice-rooms-apartments-florence-italy/,https://serpapi.com/searches/67755c4981d161eed6e785a7/images/8b10d25644feea3d38e8085795ae9721be9128a79e465ba7fd56c57f6c274a72.jpeg,"[{'score': 8.8, 'count': 415, 'source': 'Booking.com', 'timestamp': '2025-01-01 16:23:20'}, {'score': 9.2, 'count': 13, 'source': 'Hoteles.com', 'timestamp': '2025-01-01 16:23:20'}, {'score': 8.8, 'count': 403, 'source': 'hotels-of-florence.net', 'timestamp': '2025-01-01 16:23:20'}, {'score': 9, 'count': 14, 'source': 'Hotels.com', 'timestamp': '2025-01-01 16:23:20'}]",2025-01-01 16:23:20
Firenze,Numa Vita,"San Marco, Viale Milton, 7",Italy,43.7856762,11.2615234,7,Viale Giovanni Milton,,Città Metropolitana di Firenze,50129,https://www.booking.com/hotel/it/m7-contemporary-apartments-my-extra-home.html,https://www.airbnb.com/rooms/28421103,https://www.expedia.com/Hotel-Search?selected=70495285&locale=en_US&HotelID=70495285&siteid=1,https://www.tripadvisor.com/Hotel_Review-g187895-d13364035-Reviews-Numa_l_Vita_Apartments-Florence_Tuscany.html,https://www.hotels.com/ho2256849120/numa-i-vita-apartments-florence-italy/,https://serpapi.com/searches/67755c4b02299dbcc0ba33fb/images/89d3cd73c95d7186cf615229c856abca.jpeg,"[{'score': 4.0, 'count': 18, 'source': 'Tripadvisor', 'timestamp': '2025-01-01 16:23:22'}, {'score': 9.2, 'count': 1446, 'source': 'Booking.com', 'timestamp': '2025-01-01 16:23:22'}, {'score': 9.1, 'count': 1591, 'source': 'Trivago', 'timestamp': '2025-01-01 16:23:22'}, {'score': 8.6, 'count': 14, 'source': 'Hotels.com', 'timestamp': '2025-01-01 16:23:22'}]",2025-01-01 16:23:22
Firenze,Numa Palazzo Moro,"Santa Maria Novella, Via del Moro, 3",Italy,43.77117000000001,11.24807,3,Via del Moro,,Città Metropolitana di Firenze,50123,https://www.booking.com/hotel/it/palazzo-del-moro-firenze.html,,,https://www.tripadvisor.com/Hotel_Review-g187895-d21240233-Reviews-Palazzo_Del_Moro-Florence_Tuscany.html,https://ms.hotels.com/en/ho3279729600/numa-florence-goldoni-florence-italy/,https://serpapi.com/searches/67755c52ecdec879baf1773c/images/d8ccb775a97d95895777716270ce6e47.jpeg,"[{'score': 8.6, 'count': 156, 'source': 'Booking.com', 'timestamp': '2025-01-01 16:23:24'}, {'score': 6.8, 'count': 1, 'source': 'Agoda.com', 'timestamp': '2025-01-01 16:23:24'}, {'score': 8.6, 'count': 156, 'source': 'hotels-of-florence.net', 'timestamp': '2025-01-01 16:23:24'}, {'score': 8.6, 'count': 155, 'source': 'florence-hotels-it.com', 'timestamp': '2025-01-01 16:23:24'}, {'score': 9, 'count': 199, 'source': 'Hotels.com', 'timestamp': '2025-01-01 16:23:24'}]",2025-01-01 16:23:24
Firenze,Numa Fiore,"Duomo , Via delle Terme, 12",Italy,43.7698934,11.2527556,12,Via delle Terme,,Città Metropolitana di Firenze,50123,https://www.booking.com/hotel/it/le-fiorentine-boutique-apartments.it.html,,https://www.expedia.com/Florence-Hotels-Numa-L-Fiore-Apartments.h88682948.Hotel-Information,,https://it.hotels.com/ho2838854336/numa-l-fiore-apartments-firenze-italia/,https://serpapi.com/searches/67755c53084ef8c60c62fd46/images/debc65487aca9f72d802e3c69f616e50df24be4c1e41e7a6c8bb1aaf9fb6ed25.jpeg,"[{'score': 4.5, 'count': 7, 'source': 'Tripadvisor', 'timestamp': '2025-01-01 16:23:26'}, {'score': 9, 'count': 35, 'source': 'Expedia.com', 'timestamp': '2025-01-01 16:23:26'}, {'score': 9.2, 'count': 1207, 'source': 'Booking.com', 'timestamp': '2025-01-01 16:23:26'}, {'score': 9, 'count': 35, 'source': 'Hotels.com', 'timestamp': '2025-01-01 16:23:26'}, {'score': 7.9, 'count': 4, 'source': 'Agoda.com', 'timestamp': '2025-01-01 16:23:26'}, {'score': 9, 'count': 35, 'source': 'Expedia', 'timestamp': '2025-01-01 16:23:26'}, {'score': 9.1, 'count': 1290, 'source': 'Trivago', 'timestamp': '2025-01-01 16:23:26'}]",2025-01-01 16:23:26
Firenze,Numa Palazzo Belfiore,"Santo Spirito, Via dei Velluti, 8",Italy,43.766849,11.2501477,8,Via dei Velluti,,Città Metropolitana di Firenze,50125,https://www.booking.com/hotel/it/palazzo-belfiore.it.html,,https://www.expedia.com/Florence-Hotels-Residence-Palazzo-Belfiore.h2539694.Hotel-Information,,,https://serpapi.com/searches/67755c5511cfeb6ac2e52f6a/images/f976008cc320654831b69555bdf01cce.jpeg,"[{'score': 5.0, 'count': 403, 'source': 'Tripadvisor', 'timestamp': '2025-01-01 16:23:28'}, {'score': 8.8, 'count': 285, 'source': 'Booking.com', 'timestamp': '2025-01-01 16:23:28'}, {'score': 8.8, 'count': 276, 'source': 'florence-hotels-it.com', 'timestamp': '2025-01-01 16:23:28'}, {'score': 9.6, 'count': 322, 'source': 'Expedia.com', 'timestamp': '2025-01-01 16:23:28'}]",2025-01-01 16:23:28
Milano,Numa Loreto,"Zona Buenos Aires, Via Vitruvio 32",Italy,45.48234009999999,9.2073011,32,Via Vitruvio,Municipio 3,Città metropolitana di Milano,20124,https://www.booking.com/hotel/it/loreto-rooms-amp-apartments.html,,https://www.expedia.com/Milan-Hotels-Numa-L-Loreto-Rooms-Apartments.h70374310.Hotel-Information,https://www.tripadvisor.com/Hotel_Review-g187849-d23609956-Reviews-Numa_Loreto_Apartments-Milan_Lombardy.html,https://www.hotels.com/ho2252977920/numa-l-loreto-rooms-apartments-milan-italy/,https://serpapi.com/searches/67755c578b5c6eb0cf303710/images/a1cc12fbac8984b740aa254a4cc9e850afea44c282731f978b788159fe7e3f20.jpeg,"[{'score': 5.0, 'count': 7, 'source': 'Tripadvisor', 'timestamp': '2025-01-01 16:23:31'}, {'score': 9.4, 'count': 108, 'source': 'Hotels.com', 'timestamp': '2025-01-01 16:23:31'}, {'score': 9.4, 'count': 108, 'source': 'Expedia.com', 'timestamp': '2025-01-01 16:23:31'}, {'score': 9.2, 'count': 1812, 'source': 'Booking.com', 'timestamp': '2025-01-01 16:23:31'}]",2025-01-01 16:23:31
Milano,Numa Sempione,"Sempione, Corso Sempione, 39",Italy,45.4809466,9.1647184,39,Corso Sempione,Municipio 1,Città metropolitana di Milano,20145,https://www.booking.com/hotel/it/numa-milan-sempione.en-gb.html,,https://www.expedia.com/Milan-Hotels-Numa-Milan-Sempione.h107501986.Hotel-Information,,https://jp.hotels.com/en/ho3441063552/,https://serpapi.com/searches/67755c5e83f4f24cee208232/images/bd0404dee145c131bf69d6080eabbea8.jpeg,"[{'score': 9.1, 'count': 158, 'source': 'Booking.com', 'timestamp': '2025-01-01 16:23:33'}, {'score': 10, 'count': 12, 'source': 'Hotels.com', 'timestamp': '2025-01-01 16:23:33'}, {'score': 9.4, 'count': 14, 'source': 'Expedia.com', 'timestamp': '2025-01-01 16:23:33'}, {'score': 9.1, 'count': 159, 'source': 'Booking.com', 'timestamp': '2025-01-01 16:23:33'}, {'score': 10, 'count': 13, 'source': 'Hoteles.com', 'timestamp': '2025-01-01 16:23:33'}]",2025-01-01 16:23:33
Milano,Numa Camperio,"Centro Storico , Via Manfredo Camperio, 9",Italy,45.4667715,9.1830014,9,Via Manfredo Camperio,Cerchia dei Navigli,Città metropolitana di Milano,20123,https://www.booking.com/hotel/it/camperio-house-suites-apartments.html,,https://www.expedia.com/Milan-Hotels-Camperio-House-Suites.h3605837.Hotel-Information,https://www.tripadvisor.com/Hotel_Review-g187849-d1154421-Reviews-Numa_Camperio_Rooms_Apartments-Milan_Lombardy.html,,https://serpapi.com/searches/67755c60802b5801c0137797/images/f9db73585b53854d57bf0de2fedfed66aaf52ec5377946437cc2dfde949a77ac.jpeg,"[{'score': 4.5, 'count': 364, 'source': 'Tripadvisor', 'timestamp': '2025-01-01 16:23:35'}, {'score': 8.6, 'count': 1639, 'source': 'Booking.com', 'timestamp': '2025-01-01 16:23:35'}, {'score': 8.9, 'count': 4281, 'source': 'Trivago', 'timestamp': '2025-01-01 16:23:35'}, {'score': 9, 'count': 660, 'source': 'Expedia.com', 'timestamp': '2025-01-01 16:23:35'}]",2025-01-01 16:23:35
Roma,Numa Barberini,"Ludovisi, Via Liguria, 38",Italy,41.9066727,12.4893867,38,Via Liguria,Via Liguria,Città metropolitana di Roma Capitale,00187,https://www.booking.com/hotel/it/capriceroma.it.html,,,,,https://serpapi.com/searches/67755c656b7c6f9a76f0f41b/images/2bc9986d99153e2444af2bced3dd912c0a67d5a39a9904c19e05cb20c9063626.jpeg,"[{'score': 2.5, 'count': 3, 'source': 'Tripadvisor', 'timestamp': '2025-01-01 16:23:37'}, {'score': 7.8, 'count': 789, 'source': 'trivago', 'timestamp': '2025-01-01 16:23:37'}, {'score': 7.8, 'count': 995, 'source': 'Kayak', 'timestamp': '2025-01-01 16:23:37'}, {'score': 8.1, 'count': 296, 'source': 'Booking.com', 'timestamp': '2025-01-01 16:23:37'}]",2025-01-01 16:23:37
Roma,Numa Linea,"Esquilino, Via Giovanni Amendola 85",Italy,41.89945470000001,12.5004023,85,Via Giovanni Amendola,,Città metropolitana di Roma Capitale,00185,https://www.booking.com/hotel/it/capitol-roma.it.html,https://www.airbnb.com/rooms/52505132,https://www.expedia.com/Rome-Hotels-Hotel-Capitol.h33356684.Hotel-Information,,,https://serpapi.com/searches/67755c67332642131eb9ba31/images/a40f0a979fe60f01f0d2f3f6c5b91406.jpeg,"[{'score': 2.5, 'count': 7, 'source': 'Tripadvisor', 'timestamp': '2025-01-01 16:23:39'}, {'score': 3.9, 'count': 41, 'source': 'Trip.com', 'timestamp': '2025-01-01 16:23:39'}, {'score': 8.1, 'count': 83, 'source': 'Agoda.com', 'timestamp': '2025-01-01 16:23:39'}, {'score': 8, 'count': 1173, 'source': 'Booking.com', 'timestamp': '2025-01-01 16:23:39'}]",2025-01-01 16:23:39
Roma,Numa Tullo,"Trastevere, Via della Cisterna 8",Italy,41.8885878,12.4714511,8,Via della Cisterna,Municipio Roma I,Città metropolitana di Roma Capitale,00153,https://www.booking.com/hotel/it/numa-i-tullo-rooms.it.html,,,,https://it.hotels.com/ho2448476192/numa-i-tullo-rooms-roma-italia/,https://serpapi.com/searches/67755c69a0716238af96cb55/images/34c978be46d84c305982ac17bdf46fc9f0df4e26a2d394bc530a190eb8dab36a.jpeg,"[{'score': 3.5, 'count': 9, 'source': 'Tripadvisor', 'timestamp': '2025-01-01 16:23:42'}, {'score': 8.3, 'count': 1186, 'source': 'Booking.com', 'timestamp': '2025-01-01 16:23:42'}, {'score': 8.6, 'count': 55, 'source': 'Hotels.com', 'timestamp': '2025-01-01 16:23:42'}, {'score': 8.8, 'count': 6, 'source': 'Agoda.com', 'timestamp': '2025-01-01 16:23:42'}]",2025-01-01 16:23:42
Roma,Numa Verso,"Trastevere, Via Ippolito Nievo, 12",Italy,41.8792933,12.466873,12,Via Ippolito Nievo,,Città metropolitana di Roma Capitale,00153,https://www.booking.com/hotel/it/numa-i-verso-apartments.it.html,,https://www.expedia.com/Rome-Hotels-Numa-I-Verso-Apartments.h92329006.Hotel-Information,,https://it.hotels.com/ho2955528192/numa-i-verso-apartments-roma-italia/,https://serpapi.com/searches/67755c6bca1cbacdaf922fe6/images/fe1a39dfe29a8829de0c3f0083f206b2.jpeg,"[{'score': 9.2, 'count': 913, 'source': 'Booking.com', 'timestamp': '2025-01-01 16:23:44'}, {'score': 9, 'count': 45, 'source': 'Hotels.com', 'timestamp': '2025-01-01 16:23:44'}, {'score': 9, 'count': 45, 'source': 'Expedia.com', 'timestamp': '2025-01-01 16:23:44'}, {'score': 5.0, 'count': 2, 'source': 'Tripadvisor', 'timestamp': '2025-01-01 16:23:44'}, {'score': 4.3, 'count': 30, 'source': 'Trip.com', 'timestamp': '2025-01-01 16:23:44'}]",2025-01-01 16:23:44
Roma,Numa Portico,"Campo Marzio , Vicolo del Leonetto, 25",Italy,41.9023341,12.4742842,25,Vicolo del Leonetto,Municipio Roma I,Città metropolitana di Roma Capitale,00186,https://www.booking.com/hotel/it/numa-i-portico-rooms.it.html,,,https://www.tripadvisor.com/Hotel_Review-g187791-d237206-Reviews-or210-Numa_Portico-Rome_Lazio.html,https://it.hotels.com/ho2644958592/numa-i-portico-rooms-roma-italia/,https://serpapi.com/searches/67755c6cb2f092f6e0245ea2/images/e60843e5600ad06dbde6aa41478563bcdcd0ae8112798ce9bb72b633c45e2f58.jpeg,"[{'score': 4.5, 'count': 491, 'source': 'Tripadvisor', 'timestamp': '2025-01-01 16:23:46'}, {'score': 8.2, 'count': 1544, 'source': 'Booking.com', 'timestamp': '2025-01-01 16:23:46'}, {'score': 4.5, 'count': 491, 'source': 'Tripadvisor', 'timestamp': '2025-01-01 16:23:46'}, {'score': 4.1, 'count': 43, 'source': 'Trip.com', 'timestamp': '2025-01-01 16:23:46'}, {'score': 8.4, 'count': 1967, 'source': 'trivago', 'timestamp': '2025-01-01 16:23:46'}, {'score': 8.6, 'count': 69, 'source': 'Hotels.com', 'timestamp': '2025-01-01 16:23:46'}]",2025-01-01 16:23:46
Roma,Numa Vici,"Trevi, Via del Mancino 11",Italy,41.89741679999999,12.4826345,11,Via del Mancino,Via del Mancino,Città metropolitana di Roma Capitale,00187,https://www.booking.com/hotel/it/dolce-vita-residence.it.html,https://www.airbnb.com/rooms/52505132,https://www.expedia.com/Rome-Hotels-The-Telegraph-Suites.h3893967.Hotel-Information,https://www.tripadvisor.com/Hotel_Review-g187791-d1462665-Reviews-or135-Numa_Vici_Rooms_Apartments-Rome_Lazio.html,https://it.hotels.com/ho388001/the-telegraph-suites-roma-italia/,https://serpapi.com/searches/67755c6ef4afd596406727b2/images/d7177442e6eb777f689d09cc3e62abcc.jpeg,"[{'score': 4.5, 'count': 481, 'source': 'Tripadvisor', 'timestamp': '2025-01-01 16:23:48'}, {'score': 8.5, 'count': 1146, 'source': 'Booking.com', 'timestamp': '2025-01-01 16:23:48'}, {'score': 8.9, 'count': 3265, 'source': 'Trivago', 'timestamp': '2025-01-01 16:23:48'}, {'score': 4.5, 'count': 481, 'source': 'Tripadvisor', 'timestamp': '2025-01-01 16:23:48'}, {'score': 9.2, 'count': 504, 'source': 'Expedia.com', 'timestamp': '2025-01-01 16:23:48'}, {'score': 9.2, 'count': 504, 'source': 'Hotels.com', 'timestamp': '2025-01-01 16:23:48'}, {'score': 4.3, 'count': 48, 'source': 'Trip.com', 'timestamp': '2025-01-01 16:23:48'}]",2025-01-01 16:23:48
Venezia,Numa Forcola,"Cannaregio, Calle Loredan 2353",Italy,45.44376399999999,12.3299553,2353,Calle Loredan,Venezia-Murano-Burano,Città Metropolitana di Venezia,30121,https://www.booking.com/hotel/it/numa-venice-forcola.html,,,https://www.tripadvisor.com/Hotel_Review-g187870-d285121-Reviews-Numa_Venice_Forcola-Venice_Veneto.html,https://www.hotels.com/ho3383257024/numa-venice-forcola/,https://serpapi.com/searches/67755c7163c07664ddc3d4b3/images/f648f1d3c7abe8cd7b7d72280119b6668e2309b06e77c99c16a5c5ae0c5e755a.jpeg,"[{'score': 8.8, 'count': 80, 'source': 'Booking.com', 'timestamp': '2025-01-01 16:23:50'}, {'score': 3.5, 'count': 308, 'source': 'Tripadvisor', 'timestamp': '2025-01-01 16:23:50'}, {'score': 7, 'count': 4, 'source': 'Hotels.com', 'timestamp': '2025-01-01 16:23:50'}, {'score': 7, 'count': 4, 'source': 'Hotels.com', 'timestamp': '2025-01-01 16:23:50'}]",2025-01-01 16:23:50
Venezia,Numa Palazzo Orseolo,"San Marco, Calle S. Gallo, 1083,",Italy,45.4348643,12.3362129,1083,San Marco,,Città Metropolitana di Venezia,30124,https://www.booking.com/hotel/it/palazzo-orseolo.html,,https://www.expedia.com/Venice-Hotels-Palazzo-Orseolo.h36637753.Hotel-Information,https://www.tripadvisor.com/Hotel_Review-g187870-d17647585-Reviews-Venice_Palazzo_Orseolo-Venice_Veneto.html,https://www.hotels.com/ho1173408096/palazzo-orseolo-gondola-view-venice-italy/,https://serpapi.com/searches/67755c749019d467ba4e6dd0/images/eef152eca6b9cb13291d0b786bb254391e745f09c9c47dcae2a70b73e0ebad2d.jpeg,"[{'score': 4.0, 'count': 40, 'source': 'Tripadvisor', 'timestamp': '2025-01-01 16:23:52'}, {'score': 8.5, 'count': 970, 'source': 'Booking.com', 'timestamp': '2025-01-01 16:23:52'}, {'score': 8.8, 'count': 1661, 'source': 'Trivago', 'timestamp': '2025-01-01 16:23:52'}, {'score': 9, 'count': 233, 'source': 'Expedia.com', 'timestamp': '2025-01-01 16:23:52'}, {'score': 9, 'count': 232, 'source': 'Hotels.com', 'timestamp': '2025-01-01 16:23:52'}, {'score': 9, 'count': 234, 'source': 'Orbitz.com', 'timestamp': '2025-01-01 16:23:52'}, {'score': 8.5, 'count': 973, 'source': 'hotels-in-venice.net', 'timestamp': '2025-01-01 16:23:52'}]",2025-01-01 16:23:52
Amsterdam,Numa Oosterpark,"Dapperbuurt, Wijttenbachstraat 30",Netherlands,52.3601716,4.926650299999999,30,Wijttenbachstraat,Dapperbuurt,Amsterdam,1093 JK,https://www.booking.com/hotel/nl/eastern-park-apartment-suites.nl.html,,,,https://nl.hotels.com/ho398041/amsterdam-oosterpark-by-yays-amsterdam-nederland/,https://serpapi.com/searches/67755c75e9f9d000287e3124/images/1ccb98ab36ae1ef3afaeb745f570f5a80b5fc1ce0cafca2df52c1f8f40cea5d1.jpeg,"[{'score': 7.8, 'count': 129, 'source': 'Booking.com', 'timestamp': '2025-01-01 16:23:55'}, {'score': 4.0, 'count': 678, 'source': 'HotelPlanner.com', 'timestamp': '2025-01-01 16:23:55'}, {'score': 7.9, 'count': 110, 'source': 'Hotel.com.au', 'timestamp': '2025-01-01 16:23:55'}, {'score': 8, 'count': 7, 'source': 'Hotels.com', 'timestamp': '2025-01-01 16:23:55'}]",2025-01-01 16:23:55
Amsterdam,Numa YAYS Amsterdam Maritime by Numa,"Oostenburg, Oostenburgergracht 73",Netherlands,52.3684656,4.9234104,73,Oostenburgergracht,Oostenburg,Amsterdam,1018 NC,https://www.booking.com/hotel/nl/yays-amsterdam-maritime.html,,https://www.expedia.com/Amsterdam-Hotels-YAYS-Amsterdam-Maritime.h10001437.Hotel-Information,https://www.tripadvisor.com/Hotel_Review-g188590-d8604952-Reviews-Yays_Amsterdam_Maritime_By_Numa-Amsterdam_North_Holland_Province.html,https://uk.hotels.com/ho492147/yays-amsterdam-maritime-amsterdam-netherlands/,https://serpapi.com/searches/67755c78ef4d656d2ba8bcf3/images/c2ce59633b14d49671341bef6222fabe.jpeg,"[{'score': 4.5, 'count': 887, 'source': 'Tripadvisor', 'timestamp': '2025-01-01 16:23:57'}, {'score': 8.4, 'count': 1777, 'source': 'Booking.com', 'timestamp': '2025-01-01 16:23:57'}, {'score': 9, 'count': 732, 'source': 'Expedia.com', 'timestamp': '2025-01-01 16:23:57'}, {'score': 4.2, 'count': 97, 'source': 'Trip.com', 'timestamp': '2025-01-01 16:23:57'}, {'score': 4.0, 'count': 671, 'source': 'HotelPlanner.com', 'timestamp': '2025-01-01 16:23:57'}, {'score': 9, 'count': 733, 'source': 'Hotels.com', 'timestamp': '2025-01-01 16:23:57'}, {'score': 8.4, 'count': 1766, 'source': 'amsterdamhotelsnl.com', 'timestamp': '2025-01-01 16:23:57'}, {'score': 9, 'count': 732, 'source': 'Travelocity.com', 'timestamp': '2025-01-01 16:23:57'}]",2025-01-01 16:23:57
Amsterdam,Numa YAYS Amsterdam North by Numa,"Noord, Ridderspoorweg 175",Netherlands,52.3959882,4.904535399999999,175,Ridderspoorweg,Noord,Amsterdam,1032 KJ,https://www.booking.com/hotel/nl/ndsm-serviced-apartments.html,,https://www.expedia.com/Amsterdam-Hotels-Short-Stay-Group-NDSM-Serviced-Apartments.h16574938.Hotel-Information,https://www.tripadvisor.com/Hotel_Review-g188590-d15686257-Reviews-Amsterdam_North_by_Yays-Amsterdam_North_Holland_Province.html,,https://serpapi.com/searches/67755c7aa6e905ac08b514be/images/9e9b5bd66a23b820c8981b379520e3db.jpeg,"[{'score': 8, 'count': 597, 'source': 'Booking.com', 'timestamp': '2025-01-01 16:23:59'}, {'score': 4.0, 'count': 15, 'source': 'Trip.com', 'timestamp': '2025-01-01 16:23:59'}, {'score': 8, 'count': 914, 'source': 'Kayak', 'timestamp': '2025-01-01 16:23:59'}, {'score': 8.4, 'count': 64, 'source': 'Expedia.com', 'timestamp': '2025-01-01 16:23:59'}, {'score': 4.0, 'count': 15, 'source': 'Trip.com Official Site\u200e\u200e | Travel Deals and Promotions', 'timestamp': '2025-01-01 16:23:59'}, {'score': 3.0, 'count': 2, 'source': 'Tripadvisor', 'timestamp': '2025-01-01 16:23:59'}]",2025-01-01 16:23:59
Amsterdam,Numa YAYS Amsterdam Vondelpark by Numa,"Vondelparkbuurt, Eerste Constantijn Huygensstraat 118",Netherlands,52.362077,4.875522999999999,118,Eerste Constantijn Huygensstraat,Helmersbuurt,Amsterdam,1054 BZ,https://www.booking.com/hotel/nl/amsterdam-vondelpark-by-yays.nl.html,,,,,https://serpapi.com/searches/67755c7cb97694a2f801f2be/images/7bf9eaa058cf53252b6544116ffb99fc.jpeg,"[{'score': 4.0, 'count': 15, 'source': 'Tripadvisor', 'timestamp': '2025-01-01 16:24:01'}, {'score': 8.2, 'count': 67, 'source': 'Booking.com', 'timestamp': '2025-01-01 16:24:01'}, {'score': 8.1, 'count': 23, 'source': 'Trivago', 'timestamp': '2025-01-01 16:24:01'}, {'score': 8.2, 'count': 66, 'source': 'zandvoort-hotels.com', 'timestamp': '2025-01-01 16:24:01'}]",2025-01-01 16:24:01
Amsterdam,Numa YAYS Amsterdam Salthouse Canal by Numa,"Westelijke Eilanden, Zoutkeetsgracht 116",Netherlands,52.3886664,4.888515,116,Zoutkeetsgracht,,Amsterdam,1013 LC,https://www.booking.com/hotel/nl/yays-amsterdam-salthouse-canal.html,,https://www.expedia.com/Amsterdam-Hotels-YAYS-Amsterdam-Salthouse-Canal.h11301676.Hotel-Information,https://www.tripadvisor.com.sg/Hotel_Review-g188590-d8547683-Reviews-or10-Yays_Amsterdam_Salthouse_Canal_By_Numa-Amsterdam_North_Holland_Province.html,https://www.hotels.com/ho530085/yays-amsterdam-salthouse-canal-amsterdam-netherlands/,https://serpapi.com/searches/67755c7e20e484a3fd51f3eb/images/5892aea322e172ed3821cb49d82a04bf.jpeg,"[{'score': 4.5, 'count': 843, 'source': 'Tripadvisor', 'timestamp': '2025-01-01 16:24:03'}, {'score': 8.5, 'count': 1095, 'source': 'Booking.com', 'timestamp': '2025-01-01 16:24:03'}, {'score': 9.2, 'count': 663, 'source': 'Expedia.com', 'timestamp': '2025-01-01 16:24:03'}, {'score': 9, 'count': 3602, 'source': 'Trivago', 'timestamp': '2025-01-01 16:24:03'}, {'score': 4.5, 'count': 843, 'source': 'Tripadvisor', 'timestamp': '2025-01-01 16:24:03'}, {'score': 9.2, 'count': 663, 'source': 'Hotels.com', 'timestamp': '2025-01-01 16:24:03'}, {'score': 4.0, 'count': 453, 'source': 'HotelPlanner.com', 'timestamp': '2025-01-01 16:24:03'}, {'score': 4.3, 'count': 103, 'source': 'Trip.com', 'timestamp': '2025-01-01 16:24:03'}]",2025-01-01 16:24:03
Amsterdam,Numa YAYS Amsterdam East by Numa,"Eastern Docklands, Zeeburgerpad 28-29",Netherlands,52.366977,4.9329499,28-29,Zeeburgerpad,Centrum,Amsterdam,1019 AA,https://www.booking.com/hotel/nl/amsterdam-east-by-yays.html,,https://www.expedia.com/Amsterdam-Hotels-Amsterdam-East-By-YAYS.h21438064.Hotel-Information,https://www.tripadvisor.com/Hotel_Review-g188590-d21317030-Reviews-Yays_Amsterdam_East_By_Numa-Amsterdam_North_Holland_Province.html,https://www.hotels.com/ho687018048/amsterdam-east-by-yays-amsterdam-netherlands/,https://lh5.googleusercontent.com/p/AF1QipPkHhYERLYJgz-FGdf0XqGXKxHscohuC-Wt8Zxw=w92-h92-n-k-no,"[{'score': 8.2, 'count': 712, 'source': 'Booking.com', 'timestamp': '2025-01-01 16:24:06'}, {'score': 3.0, 'count': 6, 'source': 'Tripadvisor', 'timestamp': '2025-01-01 16:24:06'}, {'score': 8.8, 'count': 84, 'source': 'Expedia.com', 'timestamp': '2025-01-01 16:24:06'}, {'score': 8.8, 'count': 84, 'source': 'Hotels.com', 'timestamp': '2025-01-01 16:24:06'}, {'score': 8.2, 'count': 713, 'source': 'amsterdamhotelsnl.com', 'timestamp': '2025-01-01 16:24:06'}, {'score': 8.4, 'count': 878, 'source': 'Trivago', 'timestamp': '2025-01-01 16:24:06'}]",2025-01-01 16:24:06
Amsterdam,Numa Docklands,"Eastern Docklands, Cruquiusweg 65",Netherlands,52.3688442,4.9463551,65,Cruquiusweg,Oostelijk Havengebied,Amsterdam,1019 AT,https://www.booking.com/hotel/nl/yays-amsterdam-docklands.html,,https://www.expedia.com/Amsterdam-Hotels-YAYS-Amsterdam-Docklands.h37733264.Hotel-Information,https://www.tripadvisor.com/Hotel_Review-g188590-d17762343-Reviews-Numa_Amsterdam_Docklands-Amsterdam_North_Holland_Province.html,https://www.hotels.com/ho1208464448/yays-amsterdam-docklands-schellingwoude-netherlands/,https://serpapi.com/searches/67755c8153de13fa80382d60/images/3b3dd304d4bd27b24fa4f1cecfa157e8f239af415a1feba7702f378886fdae33.jpeg,"[{'score': 4.5, 'count': 61, 'source': 'Tripadvisor', 'timestamp': '2025-01-01 16:24:08'}, {'score': 7.7, 'count': 13, 'source': 'Agoda.com', 'timestamp': '2025-01-01 16:24:08'}, {'score': 8.9, 'count': 1279, 'source': 'Booking.com', 'timestamp': '2025-01-01 16:24:08'}, {'score': 9.2, 'count': 142, 'source': 'Expedia.com', 'timestamp': '2025-01-01 16:24:08'}, {'score': 9.2, 'count': 142, 'source': 'Hotels.com', 'timestamp': '2025-01-01 16:24:08'}]",2025-01-01 16:24:08
Amsterdam,Numa YAYS Amsterdam Prince Island by Numa,"Westelijke Eilanden, Bickersgracht 1",Netherlands,52.3840481,4.8883632,1,Bickersgracht,,Amsterdam,1013 LE,https://www.booking.com/hotel/nl/amsterdam-prince-island-by-yays.html,https://www.airbnb.com/rooms/1153539628538521069,https://www.expedia.com/Amsterdam-Hotels-Amsterdam-Prince-Island-By-YAYS.h8371501.Hotel-Information,https://www.tripadvisor.com/Hotel_Feature-g188590-d8547687-zft1-Yays_Amsterdam_Prince_Island_By_Numa.html,https://www.hotels.com/ho461581/amsterdam-prince-island-by-yays-amsterdam-netherlands/,https://serpapi.com/searches/67755c84c654bf9c2c94b7c7/images/c152374142768a28ef7b0b320c2e3dd5.jpeg,"[{'score': 4.0, 'count': 761, 'source': 'Tripadvisor', 'timestamp': '2025-01-01 16:24:10'}, {'score': 8.2, 'count': 1409, 'source': 'Booking.com', 'timestamp': '2025-01-01 16:24:10'}, {'score': 8.8, 'count': 446, 'source': 'Hotels.com', 'timestamp': '2025-01-01 16:24:10'}, {'score': 8.8, 'count': 446, 'source': 'Expedia', 'timestamp': '2025-01-01 16:24:10'}, {'score': 8.2, 'count': 1411, 'source': 'amsterdamhotelsnl.com', 'timestamp': '2025-01-01 16:24:10'}]",2025-01-01 16:24:10
Den Haag,Numa YAYS The Hague Willemspark by Numa,"Willemspark, Koninginnegracht 20",Netherlands,52.0879626,4.3131198,20,Koninginnegracht,,Den Haag,2514 AB,https://www.booking.com/hotel/nl/yays-the-hague-willemspark.html,,https://www.expedia.com/The-Hague-Hotels-Yays-Koninginnegracht.h57734372.Hotel-Information,https://www.tripadvisor.com/Hotel_Review-g188633-d21272835-Reviews-Yays_The_Hague_Willemspark_By_Numa-The_Hague_South_Holland_Province.html,https://ae.hotels.com/ho1848499904/yays-the-hague-willemspark-the-hague-netherlands/,https://serpapi.com/searches/67755c86603f2e399b2c0327/images/5f15851d14854ff44a52a95d1a72cf0b39ae6a51fea8e2e054144f7fc64a9477.jpeg,"[{'score': 4.5, 'count': 16, 'source': 'Tripadvisor', 'timestamp': '2025-01-01 16:24:12'}, {'score': 8.6, 'count': 1311, 'source': 'Booking.com', 'timestamp': '2025-01-01 16:24:12'}, {'score': 9.2, 'count': 87, 'source': 'Expedia.com', 'timestamp': '2025-01-01 16:24:12'}, {'score': 9.2, 'count': 87, 'source': 'Hotels.com', 'timestamp': '2025-01-01 16:24:12'}, {'score': 8.9, 'count': 76, 'source': 'Agoda.com', 'timestamp': '2025-01-01 16:24:12'}, {'score': 9.2, 'count': 87, 'source': 'Travelocity.com', 'timestamp': '2025-01-01 16:24:12'}, {'score': 9.2, 'count': 87, 'source': 'Hotels.com', 'timestamp': '2025-01-01 16:24:12'}]",2025-01-01 16:24:12
Oslo,Numa Topp,"Uranienborg, Skovveien 15",Norway,59.91774889999999,10.7184542,15,Skovveien,Uranienborg,Oslo kommune,0257,https://www.booking.com/hotel/no/frogner-house-apartments-skovveien-15.html,https://www.airbnb.com/rooms/813628946716926658,https://www.expedia.com/Oslo-Hotels-Numa-L-Topp-Apartments.h91084948.Hotel-Information,https://www.tripadvisor.com/Hotel_Review-g190479-d23665154-Reviews-Numa_Topp_Apartments-Oslo_Eastern_Norway.html,,https://serpapi.com/searches/67755cc62c777be217ba62ca/images/4c5529937980090280963939d4bf48afac850c88ec7c4a0be2dc4a1df3bbce50.jpeg,"[{'score': 3.5, 'count': 10, 'source': 'Tripadvisor', 'timestamp': '2025-01-01 16:24:14'}, {'score': 8.7, 'count': 990, 'source': 'Booking.com', 'timestamp': '2025-01-01 16:24:14'}, {'score': 8.8, 'count': 49, 'source': 'Expedia.com', 'timestamp': '2025-01-01 16:24:14'}, {'score': 8.7, 'count': 995, 'source': 'oslohotelsnorway.com', 'timestamp': '2025-01-01 16:24:14'}]",2025-01-01 16:24:14
Oslo,Numa Hallen,"Sentrum, Tollbugata 13",Norway,59.91019619999999,10.7454758,13,Tollbugata,Kvadraturen,Oslo kommune,0152,https://www.booking.com/hotel/no/oslo-apartments-dronningensgate-15.html,,https://www.expedia.com/Oslo-Hotels-Numa-I-Hallen-Apartments.h92329461.Hotel-Information,https://www.tripadvisor.com/Hotel_Review-g190479-d28606899-Reviews-Numa_Hallen_Apartments-Oslo_Eastern_Norway.html,https://www.hotels.com/ho2955542752/numa-i-hallen-apartments-oslo-norway/,https://serpapi.com/searches/67755cc83c0b4fae3fce8e3e/images/c5f44d9d691134dbdc39408357ef5552390b8ca15e867c1d53594cca54e0cc0c.jpeg,"[{'score': 8.6, 'count': 547, 'source': 'Booking.com', 'timestamp': '2025-01-01 16:24:16'}, {'score': 8.6, 'count': 125, 'source': 'Expedia.com', 'timestamp': '2025-01-01 16:24:16'}, {'score': 8.6, 'count': 126, 'source': 'Hotels.com', 'timestamp': '2025-01-01 16:24:16'}, {'score': 8.6, 'count': 126, 'source': 'Expedia', 'timestamp': '2025-01-01 16:24:16'}, {'score': 4.2, 'count': 34, 'source': 'Trip.com', 'timestamp': '2025-01-01 16:24:16'}]",2025-01-01 16:24:16
Lisboa,Numa Anjos,"Anjos, Rua Passos Manuel 2",Portugal,38.7271025,-9.1366268,2,Rua Passos Manuel,Anjos,Lisboa,1150-260,https://www.booking.com/hotel/pt/numa-lisbon-anjos.en-gb.html,https://www.airbnb.com/rooms/1272555195101921351,,https://www.tripadvisor.com/Hotel_Review-g189158-d31320684-Reviews-Numa_Lisbon_Anjos-Lisbon_Lisbon_District_Central_Portugal.html,,https://serpapi.com/searches/67755cca38479b80c74d1d80/images/5d2923928bc0f538d5d3cf4fb473d370de56a64319735bc1c5b8c172fe67f4aa.jpeg,"[{'score': 10, 'count': 2, 'source': 'Booking.com', 'timestamp': '2025-01-01 16:24:19'}, {'score': 10, 'count': 1, 'source': 'Booking.com', 'timestamp': '2025-01-01 16:24:19'}]",2025-01-01 16:24:19
Lisboa,Numa Rato,"Freguesia de Santo António, Rua Alexandre Herculano, nº58",Portugal,38.721987,-9.1512531,46,Rua Alexandre Herculano,Santo António,Lisboa,1250-048,,,,,,https://serpapi.com/searches/67755cd5d92cc43556e7b52d/images/d2b4d3e40313a1acb24eb4ab9d6e852f6a2f892c88affb3f5306a7f581e54b9a.jpeg,[],2025-01-01 16:24:21
Barcelona,Numa Brio,"Eixample , Carrer Gran de Gràcia 14",Spain,41.3983233,2.1575048,14,Carrer Gran de Gràcia,,Barcelona,08012,https://www.booking.com/hotel/es/hcristina.html,,https://www.expedia.com/Barcelona-Hotels-Gracia-Garden-Boutique-Hotel.h1973092.Hotel-Information,https://www.tripadvisor.com/Hotel_Review-g187497-d13821191-Reviews-Numa_Brio-Barcelona_Catalonia.html,https://www.hotels.com/ho551851/gracia-garden-boutique-hotel-barcelona-spain/,https://serpapi.com/searches/67755cd7413b30d3a3e6ee1d/images/159fe7d8d96304e2d4b7a40fbb1395a964d09a56583732ef634cc4788af94d48.jpeg,"[{'score': 4.0, 'count': 28, 'source': 'Tripadvisor', 'timestamp': '2025-01-01 16:24:23'}, {'score': 8, 'count': 109, 'source': 'Expedia.com', 'timestamp': '2025-01-01 16:24:23'}, {'score': 8, 'count': 109, 'source': 'Hotels.com', 'timestamp': '2025-01-01 16:24:23'}, {'score': 8.1, 'count': 1315, 'source': 'Trivago', 'timestamp': '2025-01-01 16:24:23'}, {'score': 8.4, 'count': 1152, 'source': 'KAYAK', 'timestamp': '2025-01-01 16:24:23'}, {'score': 8.4, 'count': 802, 'source': 'hotelbcn-barcelona.com', 'timestamp': '2025-01-01 16:24:23'}, {'score': 8.4, 'count': 799, 'source': 'Booking.com', 'timestamp': '2025-01-01 16:24:23'}]",2025-01-01 16:24:23
Barcelona,Numa Roca,"Eixample , Carrer de Girona 81 and 85",Spain,41.3951705,2.1702878,81,Carrer de Girona,,Barcelona,08009,https://www.booking.com/hotel/es/retrome-barcelona.html,https://www.airbnb.com/rooms/46366621,https://www.expedia.com/Barcelona-Hotels-Numa-Roca-Rooms-Apartments.h7789375.Hotel-Information,https://www.tripadvisor.com/Hotel_Review-g187497-d3791397-Reviews-Numa_L_Roca_Rooms_Apartments-Barcelona_Catalonia.html,https://www.hotels.com/ho453479/numa-roca-rooms-apartments-barcelona-spain/,https://serpapi.com/searches/67755e29cfdd51e0d6365265/images/366482408fb7c58f963b4343a6e31026.jpeg,"[{'score': 8.4, 'count': 596, 'source': 'Booking.com', 'timestamp': '2025-01-01 16:24:27'}, {'score': 4.5, 'count': 418, 'source': 'Tripadvisor', 'timestamp': '2025-01-01 16:24:27'}, {'score': 9, 'count': 422, 'source': 'Hotels.com', 'timestamp': '2025-01-01 16:24:27'}, {'score': 9, 'count': 422, 'source': 'Expedia.com', 'timestamp': '2025-01-01 16:24:27'}]",2025-01-01 16:24:27
Barcelona,Numa Seda,"El Born, Carrer del Rec, 34",Spain,41.3852038,2.1827349,34,Carrer del Rec,la Ribera,Barcelona,08003,https://www.booking.com/hotel/es/friendly-rentals-hopper.es.html,https://es.airbnb.com/rooms/849007044170497900,https://www.expedia.com/Barcelona-Hotels-Numa-I-Caja-Apartments.h70797485.Hotel-Information,,https://www.hotels.com/ho2266519520/numa-i-caja-apartments-barcelona-spain/,https://serpapi.com/searches/67755e2eb76dc78ada81a6c8/images/8f8258509c9d25ed64b0660a0eac81bc.jpeg,"[{'score': 1.0, 'count': 1, 'source': 'Tripadvisor', 'timestamp': '2025-01-01 16:24:31'}, {'score': 8.2, 'count': 197, 'source': 'Booking.com', 'timestamp': '2025-01-01 16:24:31'}, {'score': 8.2, 'count': 193, 'source': 'hotelsbarcelonaes.com', 'timestamp': '2025-01-01 16:24:31'}, {'score': 6.7, 'count': 12, 'source': 'Trivago', 'timestamp': '2025-01-01 16:24:31'}, {'score': 8.2, 'count': 189, 'source': 'TopbarcelonaHotels.com', 'timestamp': '2025-01-01 16:24:31'}]",2025-01-01 16:24:31
Barcelona,Numa Lustre,"El Born, Carrer dels Carders, 34",Spain,41.38692890000001,2.1804695,34,Carrer dels Carders,Santa Caterina,Barcelona,08003,https://www.booking.com/hotel/es/friendly-rentals-mozart.html,,,https://www.tripadvisor.com/Hotel_Review-g187497-d23833257-Reviews-Numa_I_Lustre_Apartments-Barcelona_Catalonia.html,https://in.hotels.com/ho3179989152/numa-i-lustre-apartments-barcelona-spain/,https://serpapi.com/searches/67755e31cec4f8fd3a2097d3/images/8a8d0f99cb20662f34de128f099cff0308283d56e9924277f6d3bdb3a6d61a07.jpeg,"[{'score': 5.0, 'count': 1, 'source': 'Tripadvisor', 'timestamp': '2025-01-01 16:24:36'}, {'score': 8, 'count': 2, 'source': 'Hotels.com 好订网', 'timestamp': '2025-01-01 16:24:36'}, {'score': 8.4, 'count': 282, 'source': 'Booking.com', 'timestamp': '2025-01-01 16:24:36'}, {'score': 8.2, 'count': 281, 'source': 'trivago', 'timestamp': '2025-01-01 16:24:36'}, {'score': 8, 'count': 2, 'source': 'Hotels.com India', 'timestamp': '2025-01-01 16:24:36'}]",2025-01-01 16:24:36
Barcelona,Numa Colmena,"Sarriá-San Gervasi, Ronda del General Mitre 238",Spain,41.4057256,2.1486656,238,Ronda del General Mitre,,Barcelona,08006,https://www.booking.com/hotel/es/numa-i-colmena-apartments.html,,https://www.expedia.com/Barcelona-Hotels-Numa-I-Colmena-Apartments.h99343109.Hotel-Information,https://www.tripadvisor.com/Hotel_Review-g187497-d16665149-Reviews-Numa_I_Colmena_Apartments-Barcelona_Catalonia.html,https://vi.hotels.com/en/ho3179979488/numa-i-colmena-apartments-barcelona-spain/,https://serpapi.com/searches/67755e361b26bc83604b0bde/images/145f0ee9a87baf35ba5b264d0d9b50e7.jpeg,"[{'score': 9, 'count': 534, 'source': 'Booking.com', 'timestamp': '2025-01-01 16:24:42'}, {'score': 4.0, 'count': 8, 'source': 'Tripadvisor', 'timestamp': '2025-01-01 16:24:42'}, {'score': 7.6, 'count': 5, 'source': 'Expedia.com', 'timestamp': '2025-01-01 16:24:42'}, {'score': 4.4, 'count': 5, 'source': 'Trip.com', 'timestamp': '2025-01-01 16:24:42'}]",2025-01-01 16:24:42
Barcelona,Numa Caja,"Eixample , Carrer d'Entença, 33",Spain,41.37698,2.1538075,33,Carrer d'Entença,Eixample,Barcelona,08015,https://www.booking.com/reviews/es/hotel/gaderin.html,,https://www.expedia.com/Barcelona-Hotels-Numa-I-Caja-Apartments.h70797485.Hotel-Information,https://www.tripadvisor.com/Hotel_Review-g187497-d23802850-Reviews-Numa_Caja_Apartments-Barcelona_Catalonia.html,,https://serpapi.com/searches/67755e3c342cb73eb293f0c9/images/6e10be99601aaf98faea08ebbb784a5ea4de322f81120e1f63fe75f752e2eb6b.jpeg,"[{'score': 3.0, 'count': 2, 'source': 'Tripadvisor', 'timestamp': '2025-01-01 16:24:45'}, {'score': 6, 'count': 1, 'source': 'Expedia.com', 'timestamp': '2025-01-01 16:24:45'}, {'score': 8.5, 'count': 313, 'source': 'Booking.com', 'timestamp': '2025-01-01 16:24:45'}]",2025-01-01 16:24:45
Granada,Numa Vega,"Centro, Calle Gran Vía de Colón 43",Spain,37.1803654,-3.6002943,43,Calle Gran Vía de Colón,,Granada,18001,https://www.booking.com/hotel/es/urban-vida-granada-i.es.html,,https://www.expedia.com/es/Granada-Hoteles-Welcomer-Apartments-Granada-Catedral.h37047288.Informacion-Hotel,,https://ae.hotels.com/ho1186513216/welcomer-apartments-granada-catedral-granada-spain/,https://serpapi.com/searches/67755e3fdea58fe35061bec7/images/b29ebf6111715de474b979c7b347255b9462b34e2bd0e797a393ebababd4e05e.jpeg,"[{'score': 9, 'count': 37, 'source': 'Expedia.com', 'timestamp': '2025-01-01 16:24:50'}, {'score': 8.5, 'count': 1874, 'source': 'Booking.com', 'timestamp': '2025-01-01 16:24:50'}, {'score': 4, 'count': 4, 'source': 'Tripadvisor', 'timestamp': '2025-01-01 16:24:50'}, {'score': 9, 'count': 37, 'source': 'Hotels.com', 'timestamp': '2025-01-01 16:24:50'}, {'score': 9, 'count': 36, 'source': 'Expedia.com', 'timestamp': '2025-01-01 16:24:50'}]",2025-01-01 16:24:50
Madrid,Numa Script,"Cortes, Plaza de las Cortes, 4",Spain,40.4159034,-3.6955958,4,Plaza de las Cortes,Plaza de las Cortes,Madrid,28014,https://www.booking.com/hotel/es/la-pepa-chic-bed.html,,,https://www.tripadvisor.com/Hotel_Review-g187514-d2316746-Reviews-Numa_Script-Madrid.html,,https://serpapi.com/searches/67755e45b6ab86fb4c062f13/images/3eac2e1d2c73d920bdf616f9a8d6bf47c1ec194f1b0b85dcd6449d45004023af.jpeg,"[{'score': 4.5, 'count': 660, 'source': 'Tripadvisor', 'timestamp': '2025-01-01 16:24:54'}, {'score': 8, 'count': 1096, 'source': 'Booking.com', 'timestamp': '2025-01-01 16:24:54'}, {'score': 7.9, 'count': 1837, 'source': 'Kayak', 'timestamp': '2025-01-01 16:24:54'}, {'score': 8.5, 'count': 2547, 'source': 'Trivago', 'timestamp': '2025-01-01 16:24:54'}, {'score': 4.5, 'count': 660, 'source': 'Tripadvisor', 'timestamp': '2025-01-01 16:24:54'}]",2025-01-01 16:24:54
Madrid,Numa Goya,"Goya, Calle Montesa 20",Spain,40.4283115,-3.6721942,20,Calle de Montesa,Salamanca,Madrid,28006,https://www.booking.com/hotel/es/numa-i-goya-apartments.html,,https://www.expedia.com/Madrid-Hotels-Numa-I-Goya-Rooms-Apartments.h81755833.Hotel-Information,,https://ms.hotels.com/en/ho2617186656/numa-i-goya-rooms-apartments-madrid-spain/,https://serpapi.com/searches/67755e481b3d2740cb87c9e7/images/e4e4076125ecae8f9459813df334b49025ec2d2daec3e4bfc0da06ecd28fab7e.jpeg,"[{'score': 9.2, 'count': 31, 'source': 'Hotels.com', 'timestamp': '2025-01-01 16:25:02'}, {'score': 9.2, 'count': 31, 'source': 'Expedia.com', 'timestamp': '2025-01-01 16:25:02'}, {'score': 8.5, 'count': 232, 'source': 'Booking.com', 'timestamp': '2025-01-01 16:25:02'}, {'score': 3.0, 'count': 2, 'source': 'Tripadvisor', 'timestamp': '2025-01-01 16:25:02'}, {'score': 4.2, 'count': 14, 'source': 'Trip.com Official Site\u200e\u200e | Travel Deals and Promotions', 'timestamp': '2025-01-01 16:25:02'}]",2025-01-01 16:25:02
Madrid,Numa Luna,"Malasaña, Calle de la Palma 11",Spain,40.4261211,-3.7024497,11,Calle de la Palma,Calle de la Palma,Madrid,28004,https://www.booking.com/hotel/es/numa-i-luna-apartments.es.html,,,,https://ae.hotels.com/ho3212287808/numa-i-luna-apartments-madrid-spain/,https://serpapi.com/searches/67755e50e7aee85621541728/images/f44ff698d479f1c1e28310f987cad5e920891b578142ea27c7e24102436fed88.jpeg,"[{'score': 8.7, 'count': 267, 'source': 'Booking.com', 'timestamp': '2025-01-01 16:25:07'}, {'score': 8.4, 'count': 6, 'source': 'Hotels.com', 'timestamp': '2025-01-01 16:25:07'}, {'score': 8.4, 'count': 6, 'source': 'Hoteles.com', 'timestamp': '2025-01-01 16:25:07'}]",2025-01-01 16:25:07
Madrid,Numa Sol,"Sol, Calle de la Montera, 9",Spain,40.4176749,-3.7029993,9,Calle de la Montera,Barrio de los Austrias,Madrid,28013,https://www.booking.com/hotel/es/numa-madrid-sol-apartments.es.html,,,https://www.tripadvisor.com.ve/Hotel_Review-g187514-d28003133-Reviews-Numa_Madrid_Sol-Madrid.html,https://www.hotels.com/ho3381922400/numa-madrid-sol-i-apartments/,https://serpapi.com/searches/67755e55b1d5889c8e6b94dc/images/50702b804bfe00cf7d6cd3f003bc11252d95e16457c0dc0dec33080e0c0048ba.jpeg,"[{'score': 9.1, 'count': 51, 'source': 'Booking.com', 'timestamp': '2025-01-01 16:25:10'}, {'score': 9.8, 'count': 32, 'source': 'Hotels.com', 'timestamp': '2025-01-01 16:25:10'}, {'score': 9.8, 'count': 32, 'source': 'Hoteles.com', 'timestamp': '2025-01-01 16:25:10'}]",2025-01-01 16:25:10
Sevilla,Numa Alegre,"Casco Antiguo, C. Álvarez Quintero, 31",Spain,37.3877746,-5.993112399999999,31,Calle Álvarez Quintero,Santa Cruz,Sevilla,41004,https://www.booking.com/hotel/es/alvarez-quintero-apartment.es.html,,,,https://www.hotels.com/ho3077222880/numa-i-alegre-apartments-seville-spain/,https://serpapi.com/searches/67755e59b2f44ca5961aad7f/images/251d875dd3687324fcb05f1da02ca0634f943830438f186852b4a93d5f0fcc74.jpeg,"[{'score': 3.0, 'count': 1, 'source': 'Tripadvisor', 'timestamp': '2025-01-01 16:25:14'}, {'score': 8.8, 'count': 686, 'source': 'Booking.com', 'timestamp': '2025-01-01 16:25:14'}, {'score': 2.0, 'count': 1, 'source': 'Tripadvisor', 'timestamp': '2025-01-01 16:25:14'}, {'score': 8.8, 'count': 76, 'source': 'Trivago', 'timestamp': '2025-01-01 16:25:14'}, {'score': 9.2, 'count': 199, 'source': 'Amimir.com', 'timestamp': '2025-01-01 16:25:14'}, {'score': 8.8, 'count': 34, 'source': 'Hotels.com', 'timestamp': '2025-01-01 16:25:14'}, {'score': 8.8, 'count': 677, 'source': 'Planet of Hotels', 'timestamp': '2025-01-01 16:25:14'}]",2025-01-01 16:25:14
Sevilla,Numa Solea,"Museo, Calle Alfonso XII, 27",Spain,37.3927945,-5.998685699999999,27,Calle Alfonso XII,Museo,Sevilla,41001,https://www.booking.com/hotel/es/numa-l-solea-rooms-amp-apartments.es.html,,https://www.expedia.com/Seville-Hotels-Numa-I-Solea-Apartments.h71798357.Hotel-Information,,https://www.hotels.com/ho2298547424/numa-i-solea-apartments-seville-spain/,https://serpapi.com/searches/67755e5da9d4b943d549857e/images/e8a1a5332927481ba541bc7e7e3e48392f0f91aa76f195c98b927a7dfa561502.jpeg,"[{'score': 4.0, 'count': 5, 'source': 'Tripadvisor', 'timestamp': '2025-01-01 16:25:20'}, {'score': 9, 'count': 775, 'source': 'Booking.com', 'timestamp': '2025-01-01 16:25:20'}, {'score': 9.4, 'count': 42, 'source': 'Expedia.com', 'timestamp': '2025-01-01 16:25:20'}, {'score': 9.4, 'count': 42, 'source': 'Hotels.com', 'timestamp': '2025-01-01 16:25:20'}, {'score': 9.2, 'count': 20, 'source': 'Only-apartments.com', 'timestamp': '2025-01-01 16:25:20'}]",2025-01-01 16:25:20
Madrid,Numa Jondo,"Santa Cruz, Calle de Guzmán el Bueno",Spain,40.4387246,-3.7128678,,Calle de Guzmán el Bueno,,Madrid,,https://www.booking.com/hotel/es/sevilla-luxury-rentals-horno-santa-cruz.es.html,,https://www.expedia.com/Seville-Hotels-Sevilla-Luxury-Rentals-Horno-Santa-Cruz.h21236332.Hotel-Information,,https://www.hotels.com/ho680562624/numa-l-jondo-apartments-seville-spain/,https://serpapi.com/searches/67755e62c057492d647400d9/images/a443821e4bcfd9f9c67c1b3686ca8f76d6dc8d0e7f2b199c607ef6f63e8527ae.jpeg,"[{'score': 4.0, 'count': 12, 'source': 'Tripadvisor', 'timestamp': '2025-01-01 16:25:24'}, {'score': 9.2, 'count': 975, 'source': 'Booking.com', 'timestamp': '2025-01-01 16:25:24'}, {'score': 9.6, 'count': 292, 'source': 'Hotels.com', 'timestamp': '2025-01-01 16:25:24'}, {'score': 9, 'count': 290, 'source': 'Hoteles.com', 'timestamp': '2025-01-01 16:25:24'}, {'score': 9.6, 'count': 292, 'source': 'Expedia.com', 'timestamp': '2025-01-01 16:25:24'}]",2025-01-01 16:25:24
Seville,Numa Molina,"Santa Cruz, Argote de Molina 30",Spain,37.3890924,-5.9844589,,,,Seville,,https://www.booking.com/hotel/es/sevilla-luxury-rentals-catedral-sevilla.es.html,,https://www.expedia.com/Seville-Hotels-Sevilla-Luxury-Rentals-Catedral.h33808221.Hotel-Information,,,https://serpapi.com/searches/67755e667ac71e14bbc572f1/images/c5635127b08b07846de8efde0f1cb441ea190cbc0c959e1519f6c623916dbe3c.jpeg,"[{'score': 4.0, 'count': 12, 'source': 'Tripadvisor', 'timestamp': '2025-01-01 16:25:27'}, {'score': 9, 'count': 910, 'source': 'Booking.com', 'timestamp': '2025-01-01 16:25:27'}, {'score': 9.1, 'count': 1078, 'source': 'Trivago', 'timestamp': '2025-01-01 16:25:27'}, {'score': 9.6, 'count': 149, 'source': 'Expedia.com', 'timestamp': '2025-01-01 16:25:27'}]",2025-01-01 16:25:27
Ugíjar,Numa Prestigio,"Santa Cruz, Calle San Fernando 41",Spain,36.8950626,-3.1146888,41,Calle San Fernando,Casco Antiguo,Granada,18492,https://www.booking.com/hotel/es/numa-i-prestigio-apartments.html,,,https://www.tripadvisor.com/Hotel_Review-g187443-d24970996-Reviews-Numa_I_Prestigio_Apartments-Seville_Province_of_Seville_Andalucia.html,,https://serpapi.com/searches/67755e6aa8dd4ef434dc6b24/images/a4f8413dadbcdbe520ab2a2c4e1b32e066e5516a759f41b75c9687f153e41eaf.jpeg,"[{'score': 9.5, 'count': 282, 'source': 'Booking.com', 'timestamp': '2025-01-01 16:25:31'}, {'score': 9.5, 'count': 241, 'source': 'Trivago', 'timestamp': '2025-01-01 16:25:31'}, {'score': 5.0, 'count': 4, 'source': 'Tripadvisor', 'timestamp': '2025-01-01 16:25:31'}]",2025-01-01 16:25:31
Zürich,Numa Turi,"Langstrasse, Schöneggstrasse 31",Switzerland,47.380485,8.525770099999999,31,Schöneggstrasse,Schöneggstrasse,Zürich,8004,https://www.booking.com/hotel/ch/numa-i-turi-apartments-zurich.de.html,https://www.airbnb.com/rooms/944841423325467645,,,,https://serpapi.com/searches/67755e6e8ba257d432621328/images/a826dd2bfc97946d6cc49f1bffec83a8882908bbca6bbfc24e98f29b79d08b44.jpeg,"[{'score': 5.0, 'count': 1, 'source': 'Tripadvisor', 'timestamp': '2025-01-01 16:25:34'}, {'score': 8.4, 'count': 319, 'source': 'Booking.com', 'timestamp': '2025-01-01 16:25:34'}, {'score': 5.4, 'count': 1, 'source': 'HolidayCheck', 'timestamp': '2025-01-01 16:25:34'}]",2025-01-01 16:25:34
Zürich,Numa Craft,"Langstrasse, Bäckerstrasse 9",Switzerland,47.37405709999999,8.529869399999999,9,Bäckerstrasse,Langstrasse,Zürich,8004,https://www.booking.com/hotel/ch/numa-i-craft-rooms-amp-apartments.de.html,,,,https://in.hotels.com/ho2889730688/numa-l-craft-apartments-zurich-switzerland/,https://serpapi.com/searches/67755e7103318aff1c55340e/images/e149434e6aaf43c20c93de63973d8632969b0ab1d244c9a2242bf169c1197b37.jpeg,"[{'score': 8.5, 'count': 565, 'source': 'Booking.com', 'timestamp': '2025-01-01 16:25:38'}, {'score': 5.0, 'count': 1, 'source': 'Tripadvisor', 'timestamp': '2025-01-01 16:25:38'}, {'score': 8, 'count': 25, 'source': 'Hotels.com India', 'timestamp': '2025-01-01 16:25:38'}]",2025-01-01 16:25:38
Bloomsbury,Numa Bloomsbury,"Fitzrovia, 11-13 Bayley Street",United Kingdom,51.5187722,-0.1320477,11,Bayley Street,Bayley Street,Greater London,WC1B 3HD,https://www.booking.com/hotel/gb/bedfordcornerhotel.html,,,https://www.tripadvisor.com/Hotel_Review-g186338-d27705407-Reviews-Numa_London_Bloomsbury-London_England.html,https://www.hotels.com/ho240458/bedford-corner-hotel-london-united-kingdom/,https://serpapi.com/searches/67755e75cf3bc9f153d74fce/images/4cbee64cbfbe29f10d142f6234dced37.jpeg,"[{'score': 8.1, 'count': 664, 'source': 'Booking.com', 'timestamp': '2025-01-01 16:25:43'}, {'score': 3.0, 'count': 903, 'source': 'HotelPlanner.com', 'timestamp': '2025-01-01 16:25:43'}, {'score': 3.5, 'count': 6, 'source': 'Tripadvisor', 'timestamp': '2025-01-01 16:25:43'}, {'score': 8.6, 'count': 452, 'source': 'Hotels.com', 'timestamp': '2025-01-01 16:25:43'}, {'score': 7.9, 'count': 7015, 'source': 'Trivago', 'timestamp': '2025-01-01 16:25:43'}, {'score': 8.1, 'count': 677, 'source': 'Priceline', 'timestamp': '2025-01-01 16:25:43'}]",2025-01-01 16:25:43
